sedan-16	sedan	Audi A6 Black Edition	17800000	2020	58,000 km	Petrol	Automatic	Executive sedan with a clean black finish, premium road presence, and refined daily-driving comfort.	/assets/img/listings/fresh-1.jpg	2026-03-14T20:45:00	false	AVAILABLE
sedan-17	sedan	Volkswagen Passat TSI	15400000	2021	43,000 km	Petrol	Automatic	Well-balanced family sedan with elegant styling, strong cabin comfort, and sensible ownership appeal.	/assets/img/listings/fresh-2.jpg	2026-03-14T20:45:00	false	AVAILABLE
sedan-18	sedan	Audi A4 Quattro	16900000	2021	37,000 km	Petrol	Automatic	Smart executive sedan with understated styling, premium finish, and confident all-round usability.	/assets/img/listings/fresh-3.jpg	2026-03-14T20:45:00	false	AVAILABLE
sedan-19	sedan	BMW 330i M Sport	19600000	2022	29,000 km	Petrol	Automatic	Sporty premium sedan with sharp design, balanced performance, and standout showroom appeal.	/assets/img/listings/fresh-4.jpg	2026-03-14T20:45:00	false	AVAILABLE
sedan-20	sedan	BMW E30 Classic	14200000	1990	84,000 km	Petrol	Manual	Classic BMW sedan with enthusiast charm, timeless proportions, and collector-friendly road presence.	/assets/img/listings/fresh-5.jpg	2026-03-14T20:45:00	false	AVAILABLE
sedan-21	sedan	Toyota Corolla Sport	13600000	2022	24,000 km	Petrol	Automatic	Modern compact sedan with clean styling, excellent practicality, and strong everyday value.	/assets/img/listings/fresh-6.jpg	2026-03-14T20:45:00	false	AVAILABLE
hatchback-7	hatchback	MINI Cooper S	14800000	2021	26,000 km	Petrol	Automatic	Premium hatchback with playful styling, premium cabin feel, and strong city-driving character.	/assets/img/listings/fresh-7.jpg	2026-03-14T20:45:00	false	AVAILABLE
sedan-22	sedan	BMW i4 M50	23800000	2023	18,000 km	Electric	Automatic	Modern electric performance sedan with striking front-end styling and premium technology appeal.	/assets/img/listings/fresh-8.jpg	2026-03-14T20:45:00	false	AVAILABLE
sedan-23	sedan	Mercedes-Benz A 200 Sedan	17100000	2022	23,000 km	Petrol	Automatic	Compact Mercedes sedan with upscale design, premium badge appeal, and smooth everyday comfort.	/assets/img/listings/fresh-9.jpg	2026-03-14T20:45:00	false	AVAILABLE
crossover-7	crossover	MINI Countryman	15900000	2021	34,000 km	Petrol	Automatic	Distinctive compact crossover with elevated stance, premium feel, and easy urban practicality.	/assets/img/listings/fresh-10.jpg	2026-03-14T20:45:00	false	AVAILABLE
hatchback-8	hatchback	MINI Cooper White Edition	14500000	2020	39,000 km	Petrol	Automatic	Stylish premium hatch with iconic MINI character, tidy proportions, and strong visual appeal.	/assets/img/listings/fresh-11.jpg	2026-03-14T20:45:00	false	AVAILABLE
sedan-24	sedan	BMW 330e Redline	18800000	2021	33,000 km	Petrol	Automatic	Eye-catching BMW sedan with sporty detailing, premium finish, and confident road presence.	/assets/img/listings/fresh-12.jpg	2026-03-14T20:45:00	false	AVAILABLE
sedan-25	sedan	BMW 328i Alpine White	17600000	2020	46,000 km	Petrol	Automatic	Clean and elegant premium sedan with crisp styling and broad buyer-friendly appeal.	/assets/img/listings/fresh-13.jpg	2026-03-14T20:45:00	false	AVAILABLE
sedan-26	sedan	BMW 335i Shadowline	18400000	2021	41,000 km	Petrol	Automatic	Sharp black sedan with premium styling, composed performance, and executive-road presence.	/assets/img/listings/fresh-14.jpg	2026-03-14T20:45:00	false	AVAILABLE
hatchback-9	hatchback	Volkswagen Golf GTI Classic	13900000	2020	52,000 km	Petrol	Automatic	Classic hot hatch styling with strong enthusiast appeal and practical everyday usability.	/assets/img/listings/fresh-15.jpg	2026-03-14T20:45:00	false	AVAILABLE
suv-1	suv	Land Rover Defender 110	28900000	2021	48,000 km	Diesel	Automatic	Iconic premium SUV with rugged styling, upscale presence, and strong enthusiast appeal.	/assets/img/listings/suv-1.jpg	2026-03-11T22:08:36.549236911	false	AVAILABLE
suv-2	suv	Toyota Land Cruiser Prado TX	19800000	2020	55,000 km	Petrol	Automatic	Popular full-size SUV with premium road presence, family practicality, and proven resale strength.	/assets/img/listings/suv-2.jpg	2026-03-11T22:08:36.549236911	false	AVAILABLE
suv-3	suv	Toyota Land Cruiser Prado TZ	31500000	2022	31,000 km	Diesel	Automatic	Premium seven-seat SUV with upscale comfort, commanding design, and trusted long-distance capability.	/assets/img/listings/suv-3.jpg	2026-03-11T22:08:36.549236911	false	AVAILABLE
suv-4	suv	Toyota Land Cruiser Prado VX	22500000	2021	44,000 km	Petrol	Automatic	Well-kept premium SUV with refined comfort, road presence, and broad family appeal.	/assets/img/listings/suv-4.jpg	2026-03-11T22:08:36.549236911	false	AVAILABLE
suv-5	suv	Land Rover Defender Adventure	26800000	2020	62,000 km	Diesel	Automatic	Adventure-ready SUV with signature styling, commanding ride height, and premium off-road character.	/assets/img/listings/suv-1.jpg	2026-03-11T22:08:36.549236911	false	AVAILABLE
suv-6	suv	Toyota Land Cruiser Prado 2.7	24200000	2021	40,000 km	Petrol	Automatic	Comfortable premium SUV with dependable ownership appeal and practical everyday usability.	/assets/img/listings/suv-2.jpg	2026-03-11T22:08:36.549236911	false	AVAILABLE
crossover-1	crossover	Jeep Renegade Limited	17900000	2022	26,000 km	Petrol	Automatic	Compact crossover with bold styling, upright stance, and strong urban personality.	/assets/img/listings/crossover-1.jpg	2026-03-11T22:08:36.549236911	false	AVAILABLE
crossover-2	crossover	Ford Explorer XLT	16800000	2021	39,000 km	Petrol	Automatic	Spacious crossover-style SUV with smooth highway comfort and strong family-road-trip appeal.	/assets/img/listings/crossover-2.jpg	2026-03-11T22:08:36.549236911	false	AVAILABLE
crossover-3	crossover	Range Rover Evoque	20400000	2023	19,000 km	Petrol	Automatic	Premium compact crossover with upscale styling, elevated seating, and standout showroom appeal.	/assets/img/listings/crossover-3.jpg	2026-03-11T22:08:36.549236911	false	AVAILABLE
crossover-4	crossover	Land Rover Defender 90	15700000	2020	47,000 km	Diesel	Automatic	Distinctive premium crossover-SUV with rugged looks and excellent lifestyle appeal.	/assets/img/listings/crossover-4.jpg	2026-03-11T22:08:36.549236911	false	AVAILABLE
crossover-5	crossover	Jeep Renegade Longitude	14900000	2021	35,000 km	Petrol	Automatic	Stylish compact crossover with practical size, easy maneuverability, and premium visual character.	/assets/img/listings/crossover-1.jpg	2026-03-11T22:08:36.549236911	false	AVAILABLE
crossover-6	crossover	Ford Explorer Limited	17100000	2022	28,000 km	Petrol	Automatic	Comfortable family-focused crossover with upscale proportions and confident road presence.	/assets/img/listings/crossover-2.jpg	2026-03-11T22:08:36.549236911	false	AVAILABLE
sedan-1	sedan	BMW 320i	15200000	2021	41,000 km	Petrol	Automatic	Premium sports sedan with balanced performance, executive styling, and everyday usability.	/assets/img/listings/sedan-1.jpg	2026-03-11T22:08:36.549236911	false	AVAILABLE
sedan-2	sedan	Mercedes-Benz CLA 180	18400000	2022	28,000 km	Petrol	Automatic	Sleek premium sedan with modern styling, refined comfort, and strong visual appeal.	/assets/img/listings/sedan-2.jpg	2026-03-11T22:08:36.549236911	false	AVAILABLE
sedan-3	sedan	Mitsubishi Lancer Evolution VIII	24700000	2020	52,000 km	Petrol	Automatic	Legendary turbo sports sedan with aggressive styling and collector-style enthusiast appeal.	/assets/img/listings/sport-sedan-1.jpg	2026-03-11T22:08:36.549236911	false	AVAILABLE
sedan-4	sedan	Mitsubishi Lancer Evolution IX MR	24600000	2021	33,000 km	Petrol	Automatic	Well-kept performance sedan with unmistakable styling and strong tuner-market desirability.	/assets/img/listings/sport-sedan-2.jpg	2026-03-11T22:08:36.549236911	false	AVAILABLE
sedan-5	sedan	Subaru WRX STI	23200000	2021	37,000 km	Petrol	Manual	Iconic all-wheel-drive sports sedan with rally heritage and sharp road presence.	/assets/img/listings/sport-sedan-3.jpg	2026-03-11T22:08:36.549236911	false	AVAILABLE
sedan-6	sedan	Mitsubishi Lancer Evolution X	22900000	2020	49,000 km	Petrol	Automatic	Modern Evo styling with high-impact visual appeal and strong enthusiast demand.	/assets/img/listings/sport-sedan-4.jpg	2026-03-11T22:08:36.549236911	false	AVAILABLE
sedan-7	sedan	Mitsubishi Lancer Evolution IX	21400000	2020	46,000 km	Petrol	Manual	Driver-focused performance sedan with bold front-end styling and unmistakable Evo character.	/assets/img/listings/sport-sedan-5.jpg	2026-03-11T22:08:36.549236911	false	AVAILABLE
sedan-8	sedan	Subaru WRX STI Rally Blue	22100000	2021	36,000 km	Petrol	Manual	Rally-inspired sports sedan with iconic blue paintwork and strong enthusiast recognition.	/assets/img/listings/sport-sedan-6.jpg	2026-03-11T22:08:36.549236911	false	AVAILABLE
sedan-9	sedan	Mitsubishi Lancer Evolution VIII RS	23800000	2021	29,000 km	Petrol	Manual	Track-ready Evo look with aggressive stance, premium finish, and standout showroom impact.	/assets/img/listings/sport-sedan-7.jpg	2026-03-11T22:08:36.549236911	false	AVAILABLE
sedan-10	sedan	Mitsubishi Lancer Evolution VII	20500000	2020	43,000 km	Petrol	Manual	Classic turbo sports sedan with signature styling and lasting performance appeal.	/assets/img/listings/sport-sedan-8.jpg	2026-03-11T22:08:36.549236911	false	AVAILABLE
sedan-11	sedan	Mitsubishi Lancer Evolution VIII Turbo	22600000	2021	31,000 km	Petrol	Manual	High-impact sports sedan with a planted stance and strong enthusiast-market desirability.	/assets/img/listings/sport-sedan-9.jpg	2026-03-11T22:08:36.549236911	false	AVAILABLE
sedan-12	sedan	Subaru WRX STI Sedan	21900000	2022	24,000 km	Petrol	Manual	Performance sedan with rally-bred styling, practical four-door usability, and broad tuner appeal.	/assets/img/listings/sport-sedan-10.jpg	2026-03-11T22:08:36.549236911	false	AVAILABLE
sedan-13	sedan	Subaru Impreza WRX STI	21700000	2021	27,000 km	Petrol	Manual	Aggressive performance sedan with signature front-end styling and premium enthusiast appeal.	/assets/img/listings/sport-sedan-11.jpg	2026-03-11T22:08:36.549236911	false	AVAILABLE
sedan-14	sedan	Mitsubishi Lancer Evolution VIII Forest Edition	22400000	2020	34,000 km	Petrol	Manual	Distinctive Evo styling presented in an eye-catching outdoor setting with strong visual presence.	/assets/img/listings/sport-sedan-12.jpg	2026-03-11T22:08:36.549236911	false	AVAILABLE
sedan-15	sedan	Subaru WRX STI Autumn Edition	22800000	2022	21,000 km	Petrol	Manual	Low-slung performance sedan with iconic Subaru styling and striking showroom character.	/assets/img/listings/sport-sedan-13.jpg	2026-03-11T22:08:36.549236911	false	AVAILABLE
hatchback-1	hatchback	Suzuki Wagon R Stingray	13600000	2020	46,000 km	Hybrid	Automatic	Practical city hatchback with upright visibility, compact size, and strong daily usability.	/assets/img/listings/hatchback-1.jpg	2026-03-11T22:08:36.549236911	false	AVAILABLE
hatchback-2	hatchback	Classic Mini Cooper	10500000	2022	21,000 km	Petrol	Automatic	Iconic small hatch with timeless styling and distinctive enthusiast appeal.	/assets/img/listings/hatchback-2.jpg	2026-03-11T22:08:36.549236911	false	AVAILABLE
hatchback-3	hatchback	Cupra Born e-Boost	14800000	2021	36,000 km	Electric	Automatic	Modern performance hatch with sporty styling, premium finish, and standout road presence.	/assets/img/listings/hatchback-3.jpg	2026-03-11T22:08:36.549236911	false	AVAILABLE
hatchback-4	hatchback	Volkswagen Golf TSI	11600000	2021	29,000 km	Petrol	Automatic	Refined hatchback with clean styling, premium road manners, and practical everyday comfort.	/assets/img/listings/hatchback-4.jpg	2026-03-11T22:08:36.549236911	false	AVAILABLE
hatchback-5	hatchback	Suzuki Wagon R FX Hybrid	9800000	2020	38,000 km	Hybrid	Automatic	Efficient compact hatch with smart running costs and excellent city-car practicality.	/assets/img/listings/hatchback-1.jpg	2026-03-11T22:08:36.549236911	false	AVAILABLE
hatchback-6	hatchback	Morris Mini	16200000	2021	24,000 km	Petrol	Automatic	Classic compact hatchback with vintage character and unique collector-style charm.	/assets/img/listings/hatchback-2.jpg	2026-03-11T22:08:36.549236911	false	AVAILABLE
pickup-1	pickup	Ram 1500 Rebel	23100000	2021	46,000 km	Diesel	Automatic	Premium full-size pickup with a bold front end, upscale road presence, and strong lifestyle appeal.	/assets/img/listings/pickup-1.jpg	2026-03-11T22:08:36.549236911	false	AVAILABLE
pickup-2	pickup	Ford F-150 Raptor Night Edition	27900000	2022	42,000 km	Petrol	Automatic	High-impact performance pickup with signature Raptor styling, premium detailing, and standout showroom appeal.	/assets/img/listings/pickup-2.jpg	2026-03-11T22:08:36.549236911	false	AVAILABLE
pickup-3	pickup	Ram 2500 Laramie	24500000	2020	53,000 km	Diesel	Automatic	Heavy-duty premium pickup with commanding proportions, rugged capability, and refined long-distance comfort.	/assets/img/listings/pickup-3.jpg	2026-03-11T22:08:36.549236911	false	AVAILABLE
pickup-4	pickup	Ford Ranger Raptor Urban	22400000	2021	49,000 km	Diesel	Automatic	Well-kept off-road pickup with aggressive stance, muscular styling, and excellent everyday versatility.	/assets/img/listings/pickup-4.jpg	2026-03-11T22:08:36.549236911	false	AVAILABLE
pickup-5	pickup	Chevrolet C10 Classic	15800000	1979	71,000 km	Petrol	Automatic	Classic American pickup with timeless square-body styling and strong collector appeal.	/assets/img/listings/pickup-5.jpg	2026-03-11T22:08:36.549236911	false	AVAILABLE
pickup-6	pickup	Toyota Hilux GR Sport	23600000	2022	38,000 km	Diesel	Automatic	Sporty lifestyle pickup with tough styling, dependable utility, and strong market demand.	/assets/img/listings/pickup-6.jpg	2026-03-11T22:08:36.549236911	false	AVAILABLE
hybrid-1	hybrid	Suzuki Wagon R Stingray Hybrid	10200000	2021	34,000 km	Hybrid	Automatic	Compact hybrid hatch with smart urban proportions, low running costs, and easy day-to-day usability.	/assets/img/listings/hybrid-1.jpg	2026-03-11T22:08:36.549236911	false	AVAILABLE
hybrid-2	hybrid	Suzuki Wagon R FX Hybrid	9800000	2020	39,000 km	Hybrid	Automatic	Efficient city hatchback with practical cabin space, light controls, and dependable fuel-saving appeal.	/assets/img/listings/hybrid-2.jpg	2026-03-11T22:08:36.549236911	false	AVAILABLE
hybrid-3	hybrid	Toyota Prius S Touring	12900000	2021	41,000 km	Hybrid	Automatic	Popular Prius hybrid with proven fuel savings, smooth commuting comfort, and strong resale value.	/assets/img/listings/hybrid-3.jpg	2026-03-11T22:08:36.549236911	false	AVAILABLE
hybrid-4	hybrid	Ford Escape Hybrid Titanium	16800000	2022	28,000 km	Hybrid	Automatic	Modern hybrid SUV with practical family space, efficient performance, and confident road presence.	/assets/img/listings/hybrid-4.jpg	2026-03-11T22:08:36.549236911	false	AVAILABLE
hybrid-5	hybrid	Range Rover Evoque P300e	21400000	2022	26,000 km	Plug-in Hybrid	Automatic	Premium plug-in hybrid SUV with upscale styling, elevated comfort, and strong showroom appeal.	/assets/img/listings/hybrid-5.jpg	2026-03-11T22:08:36.549236911	false	AVAILABLE
hybrid-6	hybrid	BMW 330e M Sport	18600000	2021	33,000 km	Plug-in Hybrid	Automatic	Sporty plug-in hybrid sedan with premium design, refined cabin feel, and efficient executive performance.	/assets/img/listings/hybrid-6.jpg	2026-03-11T22:08:36.549236911	false	AVAILABLE
bmw-m04-1779555013036	hybrid	BMW M04	308500000	2022	140000 KM	PETROL	Automatic		data:image/jpeg;base64,/9j/4AAQSkZJRgABAQAAAQABAAD/2wBDAAoHBwgHBgoICAgLCgoLDhgQDg0NDh0VFhEYIx8lJCIfIiEmKzcvJik0KSEiMEExNDk7Pj4+JS5ESUM8SDc9Pjv/2wBDAQoLCw4NDhwQEBw7KCIoOzs7Ozs7Ozs7Ozs7Ozs7Ozs7Ozs7Ozs7Ozs7Ozs7Ozs7Ozs7Ozs7Ozs7Ozs7Ozs7Ozv/wAARCAEqAdoDASIAAhEBAxEB/8QAHwAAAQUBAQEBAQEAAAAAAAAAAAECAwQFBgcICQoL/8QAtRAAAgEDAwIEAwUFBAQAAAF9AQIDAAQRBRIhMUEGE1FhByJxFDKBkaEII0KxwRVS0fAkM2JyggkKFhcYGRolJicoKSo0NTY3ODk6Q0RFRkdISUpTVFVWV1hZWmNkZWZnaGlqc3R1dnd4eXqDhIWGh4iJipKTlJWWl5iZmqKjpKWmp6ipqrKztLW2t7i5usLDxMXGx8jJytLT1NXW19jZ2uHi4+Tl5ufo6erx8vP09fb3+Pn6/8QAHwEAAwEBAQEBAQEBAQAAAAAAAAECAwQFBgcICQoL/8QAtREAAgECBAQDBAcFBAQAAQJ3AAECAxEEBSExBhJBUQdhcRMiMoEIFEKRobHBCSMzUvAVYnLRChYkNOEl8RcYGRomJygpKjU2Nzg5OkNERUZHSElKU1RVVldYWVpjZGVmZ2hpanN0dXZ3eHl6goOEhYaHiImKkpOUlZaXmJmaoqOkpaanqKmqsrO0tba3uLm6wsPExcbHyMnK0tPU1dbX2Nna4uPk5ebn6Onq8vP09fb3+Pn6/9oADAMBAAIRAxEAPwDzKiiirJCiiigAooooAKKKKACiiigApaSloAKKKKACiiigAooooAKKKKACiiigAooooAKKKKACiiigAooooAKKKKACiiigAooooAKKKKACiiigAooooAKKKKACiiigAop1FADaKdRQA2nUUUAFFFFABRRRQAnNLRRQAUUUUAMooooAKKKKACiiigAooooAKKKKAClpKWgAooooAKKKKACiiigAooooAKKKKACiiigAooooAKKKKACiiigAooooAKKKKACinUUANop1FADaKdRQAUUUUAFFFFABRRRQAUUUUAFFFLQAlFLiigBKKXFFACUUtLigBtLS4oxQAlLijFOxQBBRRRQAUUUUAFFFFABRRRQAUUUUALRRRQAUUUUAFFFFABRRRQAUUUUAFFFFABRRRQAUU6igBtFOooAbTqKKACiiigAooooAKKKKACiiigAopaKAEopaKAEpaXFLQA2ilxRigBKMU/FGKAG4oxT8UYoAZijFPxS4oAbijFOxRigBuKXFOxS4oAZijFPxS4oAZilxT9lLtoAo0UUUAFFFFABRRRQAUUUUAFLRRQAUUUUAFFFFABRRRQAUUUUAFFOooAbTqKKACiiigAooooAKKKKACiiloASilooASlp1JigBKKXFOxQAynUuKMUAJSYp+KMUAJijFOxRigBuKXFOxRigBuKMU/FGKAG4oxT8UuKAGYpcU/FG2gBmKXFP2U7ZQBHijZUoSnbKYEO2l2VMI6cI6AIdlOEdTCOnCOgCAR0/y6sCKn+VQK5ztFFFIYUUUUAFFFFABS0UUAFFFFABRRRQAUU6igBtOoooAKKKKACiiigAoopaAEopaKAEpaXFGKAEoxT8UYoAbijFOxS4oAZinYpcUuKAG4pcU7FGKAG4pcU7FLigBmKXFOxS4oAZilxT9tLsoAZijFS7KXZQBFil21LspdlAEWynbKk2UuygCLZTtlSbadspgRbKXZUoSlCUARbKXbU4SnCOgCAR04R1MEpwSgCIR04R1KEqQJQBAI6kEdShKeEpiIxHT/LqYJUmymI4iiiioKCiiigApaSloAKKKKACinUUAFFFFABRRRQAUUUtACUUuKXFACUUuKdigBuKMU7FLigBmKdinYoxQAmKMU7FLigBuKMU/FGKAG4pcU7FLtoAZilxUuyl2UARYpcVLspdlAEWynbKkCU7bQBFspdlSYUdSPzpfk9RTAj2UuypQF9RTwlAiDZTglT+X7Uu2gCDZShKn2UuygZFspdlS7KdsoAh2U4JUmyn7KAIdlLsqbbS4oAi2U7ZUmKXFADNtKEp+KXFADQlOCU4CngUwGgVIBQBTwKBABUuKaBUuKZJ5/RRRUFhRRRQAtFFFABTqKKACiiigAopcU6gBtFLinYoAbijFPxS4oAbilxTsUuKAGYpcU/FLigBmKXFPxS7KAGYpcVJspdlAEeKXZUuyl2UAR7KUJUu2q8tyiZWPDN3PYUASHagyxAHqajM0Q7k/QVXPmSNkksf5U8W57nH05oAk+0p2Vj+lJ9sHZP1pPJT3/OmTRqmMd+tADjdN/d/Wk+0v6LUI24OSc9uM5pKAJ/tUntSfaZPUVtaT4N1TUws0oWzgbkPMPmP0Xr+eK6qz8G6HYqDNG15IOrTN8p/4COPzzRcDz2OWaV9sSNIx/hRST+lattoGvXOCumuqno0p2fzrvxcW9mmy2hjgQfwxqFH6VXl1VY4nmc/IgyQOp9B9Saau9EDstWcfcaBc2UsSXU0XmNyY4mLYH1+taVh4cNxG0zbY4VOGlkbaoPpk9T7DJ9qmsomv7x7i6cqG+eZl6qvTC+54A/OtK4unkwcJHFCNscan5Y19B/j1J5Nd0pLDxUUk5dX2OCKliJObbUVol3KX9i6PHw11PIfWG0kYfmcVE+maKP+X+5hPrLaSqB+IDVdFynqKPM8wEqy8dcnFczrze7/AAOpUILZfiZw0S3uG22GsWdw56J5qhj+DbT+hqpcaZeWrESQNgEjK89P8KvXqRun+kRRSpnBV1zVOMtaoVs7ye2UnOwNvjP/AABuPyxS50919w+RrZ/eVgBz7dfalxTpb58/6XapJ/01t+D/AN8n+n5U+3Ed4pNpMshHVDw4/wA/hS5U/hYc7XxKxHilxTihRirAhgcEEYIoxUbGl77DcUuKdijFACYoxTqMUAJinAUYp2KADFOAoApwFMAAp4FIBTxTJHAVJimipKCTzuiiioNApaKKACnUUUAFFFLQAUuKdilxQAmKXFLilxQAmKXFOxS4oAbilxTsU/FAEeynbKeBTgKAIwlO2U/FOApgR7Kdsp+KXFADNlO2U7FTQxq8gDI7jBJWMgMfzoAgCUkjxxJuc4Hb1NVLiZxLhXypGcdCPb/69QuXkfLEs3QZ7UgHy3DzcDKp2UdT9aWO3/vcD0qSONUHbPc1Jx6j86AECAcAYpcUvHqPzoyvqPzpgJiopIjIQcgADGCKmyv94fnWzofhufVsTyMYLQH7/wDE/wDu/wCP86QjEsdIvNSu/s9nF5jjlm6Kn1Pau+0TwnYaPtnmxdXY58x1+VP90f1PP0rTtba2062FvaQiOJecDkk+pPc02a4AU9c9qNR6E09yB3rNurzrg1Wub0jPuMVk3F6TnmiwFqa8JbGap3FwJpBCWxFBlpG9W7/gOn51Tkuin3T854X29T+FUL+6NtCtshIZhuc+3p+NdeHio3qy2W3mzlxEnK1OO738kaaa1Gi+SrAMx3kdM+n5D9SajuNSmkhHlKzgnnCkg1i2d1GLgG7WWaPHKJJsJ9OcVsRX+jgANY3oA6D7axB/Ja5pScpNvdnRGKjFJbIrHUrlOqMPqMVJZ6tKZSpyMjIzxmtBNY0IMM6Wx553TO386rarremvbOmnWIt2fHU7hx1PPQkccVJQ2W6eVGXPUYqg9zI9sGB5U81WuL7zYSgUqTwTnr61Ja/vIdvZhj/CgB4uWIGW570uQXD5KuOQ6HBH41Ww3oeODTkL9FGT7cmmI3rLWBIDBqgWeNEJWb7sq47cdf5cdK0pNKZ7YXdhKLy2IzuQfOv1H9RXLx2V3IwIhYe5GBW1oYudKZQs4RQckbq6adKU9JLTuctWpGmrxevbuIKK19Rk068QyrlLrqWjTKv9R/UfrWFLeJbkCeKVB/e25FTUoSh5o0pV41F2ZYpaaCCAR0IyPenVgbBRRS5oGOpRTc0oNAEgpwqMGnA0xEwqTNVwalzTJPPqKKKgsWiinUAFFFLQAU+minigAApwFIKdQAYp2KQU+gBAKfimin0AJingUlORGfoP8Ke+wm7bhS0pCJ95sn0UZNMMnp/jV8jI510JACegpwT1IH1NRIZJMY6Hge9SpJDCw3r575wEzx+OP5DNaRotq7ZEqqWiV2O/d93HHXAo3xD+8fpxU159q8tP7QdbdMborZFAb67R0+rc/Ws7eap0kiVVbLXmJ/d/NqcLgIcrlT0DA4I9aqDc5wAT9KeE/vN+A5oVJvZDdVLcQw2v/PL82NJ9ngLcRn8CcVow6VKYBc3BW0tz0kl6t/ujqT9KilureHK2kTMenmzck/Reg/HNarDJatmLxN9Iq5UMKDgh1I7ZpPKXs7D64NDu7sSxJJ5JPU0Cn7OC6B7Sb6gIh/fJ/AU7y1pVDP0BPuOlOETn/OapU09kQ6jW7I/LT0FJsX0+nNWBbd2yB78D9adsgTqVP0BNUqL62RPtl0uysHYdGYfRqeHuD91pj9GNWRcQp91W/QU77aOyKPqSatUY9WQ6suiK4jvH/wCen4tinm1u9oJbqcDLZzUwunP3cD6LUoeWTBIc/XmtI4em+5DxFRdiOK28tgzvvI9sCsm9juJr6Wfy2wWwMjqBxW8Ipv7jUsek3l0D5MDNtODhenpV1sOpRUVokZ08TySc202c7FbO+d7FT2y2atJpjHrOv4Amtn/hF9RP/Luw/Cp4vDmoAAGNvxrnhgo9TWeYK2jRhDTEH3pmPsFx/WpfsMAx1OP9kf4VvDw7d91xUo8OTd63WDproc7zF/zHPC3hToh/PH8qNif3AfqSa6VPDb96j1DSjpthJdbVypChmGQmTjd+HvTeGpxTdkSsc5tRTd2YEZUNxDGf+Ag4qwl1InAiUfQYq5ZpBkSXWqWsiHrEZdz+2MDg/pXQw+GY3nCPna67lI9v/rEH8DRGEEr6IdTESi7O7OT+2SHrED9aBfun/LNPyr0G38JacMb7cuf9omr48O6fGn7uxgU+vlgmk6kE7IhVG1ex51ba0yMMxrj2FdLp9/pmow+TeJBgjBD4FLq+h4yyIB7BcVzUkLQyjI6GtfZxnG6ZnGur2tZm5qfhvT4oZLy01RYY1GSsj719h6jPArnQfYj1B7V1sK+Ro8tyFV0EZ3Ky5BHeua1Vz9vAYbX8pdw7HGQD75AHP9a8jFQcJqy02ue3gaqqQd3qunkV80uaj30m+uU7SXNOzUO+jfQBOHpweq2+l8ymIsh6k31T8ypPMpiOMoooqShadTadQAUtJS0gHUtJS0AOFLSCloAcKWm04UAOp4BPT8famVpJD5VmzFVMbERFmLDYzch+Ou0A8ehprfUTvbQpjaPc/pSPKTwGUfjUUpWNgryhSfxJ/wDrUwvEOk6H6HNdC5VoYWk9WSYJ6OpJ96UBRkkg46k9B/iaUx+XGD/eAIPY5qW6exjijW1eXfjMjucA8Doo7Zzzk546Vq0lqyE29ERGQupCkKDwSWwT/wDW9qnsb64092a2EHmMMB2UMyf7uehqqgV+dx9SdpxViK3LkBXQA8lt3Apx1e+pM9FqtBjxzyyF33M7HLMxySfcmgRKn3juPoDxV6G2U5wSR6nvWtP4M1aGBbpbVGhcbg6SqV5/Gul0VFJyOZVruyMO2tpryYQwrkk9BwBXRHRpNIt42tbE6heuM7yuY4fw7n68fXpWVHvsGI+3Wcb55VX8xvyTNEupXewlZJjxkExmNT/31/8AWpOpCCs2Dp1JvRaEk+i6/fTGe6gdnPG6WRRj9eB7CkHhbUT997VPrOCf0qp5mpTeXhl/fkiPM4JfHBxt9OlXtN8P32rWUt5bahaypCcTIkrb4f8AeUrnB9Rx71k8RSXVs0jQqvsiOTw8tvj7RqdqD/cQFiadHptrHjGHJ6F2Bz+A/rmsi+8zTbl7d40kkU9SzEH8j26Vf017ia5Nuk2nxxqgZpRbbs5A4GeSQTj8CelSsTFu0Y3L+rS6yNA20CAGaaJQOxcEj8BVa5e0eICC5ZWB5IUkGuwj8N6fq2hwXlhAUBYoVMIZnYdSGIO5T0yMYJrmvEmkadYXkgYpZfMPKtrUl5pBjvz8vPHP4DtTjjLvl5RPB2V7mGY8tw4b3xipI7Mv1J/AVJZWs+C0h4Jyqnkge5HWt+1s7a1hN1qBEaKu4K/QjsT6jtgV6EYJxUpK3qedVrcj5Yu/oZNtoz3B/c28kuOuASKujQLqMZ+wMB7Lu/lVS/8AHUuTFp1sqxrwGkGOPZR0FU4PG+qRuDMkMi55AXbWTxVGLtoUsPiZxva3lc37bQ7qb7sJH1GK1rXwtcOwL4A70vhnxjbX5CvuJA+eN/vL7g9xXcK9uVSQSx7HGVbd1pzxMkrxWnc5PYzbam7PsYFholvHeiDAbywGkYrnGeijPQ4BOfTHrmtiKCNL6WNVADQxsB17sP8ACuP/ALb02PXGkur68jLSO8iIZAOpAxjqMADPOcVfuPHmmreia3triUeUUOQEB+YEf1rhTq1pOWrO+dKnSpxglra7Ome2Q9hUD2aelcpN8RJzkW+mxL6GSQt/LFUJ/HGsy52vBEP9iIH+ddMaNbrocjjF9DtjaL6Uw2YHJXA9SMV57L4j1ebO/UJ8Hsp2/wAqqSXk0vMk8j/7zk/zraNGfVmTpx6I9Hka0h/1lxCn1kAqpcahojQvFPdwyI42soBbI/CvP/NA9KX7RWnsu8g5LbI3ItM8H2d4LmP7XLtO5YyMqPzrZm8VWf7vyrSYsrhgSQB7/mCRXFCb3qVJcn6UvYQLbk3ds7m28W+Y4AslA95M1sw60sigvb4U9drZxXA2UoGDW/ZXquQp5qJ4eD2Rm6s47M6Sc2lzAz+Yu1RlieMVxWrXHhyO5MV1dpHIT90yhSPwxx+NR+L9a/s23W2sj/pdxwh67B3b8P5muBj0vzg0rmUDOXmKkgHvuP8AjXFKt7F8sXd/kd+Hwrrx55q3p1PSpbi3tvCV8kM6zKYwI3yDuBIA6detcbcXLSiIE52jAJ/SqGkXEtlcy6PdHMMw+UZyA3VSvsalkkJyW69/ardVVKTff8zenQdKql2/Ik303fUHmUnmV5h6xY8yk8yq3mUeZQBZ8yjzKq+ZR5lMRb8yn+ZVLzKd5lAjCooopFC06m06kAUUUtADqUUlKKACn0yn0ALTqbS0ASomVJ7DpW7putRJpE+mzwHy3WR2IVSS5CjIY8gYUjHB561taR4W0fV/AsepvM1pcwGRZZVbKnDfxKfYjpiuWvtNn07zgzK67CAwGM10Rppxucrre80jPt5buW8aS2gaZyc7VUN+hBrRM2sAHfo8ze5skb/2lWVb2pkPy3ESH/bjYj9FNWxZ3KL8t9YAZ7kp/NBWEnrc6YqyLM1ve3FglxPaPbwozDLR7ADnkcAAYx0AFU7O4jjcie0jdWOQ00IYAdsZrZm1Oc+C10uR438m5kcvE24HK8c9+pqjay6xEoVZmZAAFEd8CB6cb66KsrwiYUV78vUR7mykUo9vAinnMKbWH/j1Z8pgjvI3t1KoCActnNaU0mouhEwnKn1m3f1rIuAAeFIP05rBOzTRu1dWZofaXHAYjFVL2QSZLIx6bSXyB68e9TwxNcyhVxliMZOK7PTPBdiIxLq2sWsSEZMMLrI5/oP1r0aj542bsjzYWhK6V2cCbkkFQHUEYwGzitPSfDeq65aPcadafakU+W6xuu9D1BZc7sH16cV2up6d4K8oR2ulJuUY837TtLe5+bGTWCdO0KNyVhRcjHN4B/WuaOGlJXul6nS8VGLtZv0RHa+CPFVpJG4tYrfb8yvLOqhM9c5PFdPLdaR4V0lrZb+3leUhrye3ZWe4bsqKD90c9cep9+fjsvDW7959gHrvn3GrElz4VsYSbeG0uJccKq5H4k9qr6s2uVzVifrPVRZXvdB0PVLxr9vGenKk53KoicMg7ApyQR7nnrWjptv4A8PKJrm/n1u5A+4kLBPwBwPxOa5i6vvtBJUpk9AihQPoBTbOze4fOD+NXHBq9k7+hMsW1G7VjrtS+IOp6gn2fSLdNMtwNqkYZ1XsB/CuPbP1rDtrAmQytueRzl3c5ZvqTVy103YBkVtWmnyS8RRs3qQvA+pr1aOGpUVdrXueJicfObsmZ0NvHbJ502AqcjPTj+grl9T1G41+8ESFvssZJRT3/wBo+5q94p1MtizgPyue3dB0/M81V0mNYdzEqI40LSuy5C+h9yDxjvkDvXDj8Td+zjt1PQy7C6e1nu9hkOmkv5EMLvKRwqoXY/gO1WLnTIIkA1C1ntFc7UkeFkGfqeCfbrUc2sG50y7lgiMUazKCgYhpV7b2H3iC2fQZwABUOm38mnaNf3CEhrgokSMoZSAx3ZB4I6jkdjXknslK6tbrQ7+N0fkfPFKv8Q/z2r0DQdcW8s0k4BIzj0PcVxksqX+mhUULHuwqA58p+u0Z/hIyRnphh2zS+GrxoZZYCeh3AenY/wBK78HU9/kezPOx9FSp863Rr6qHGq3YZiylw0eeykZx9Ac1Tz859hWhqP76aKYdWQqfw5/qaoiFy7cHtXqqHKrJHmc/Mrt9Bpek31MLOQ/wmpl0yZ+iH8qqzFzxXUo7zSb2rWj0O4f+A1ai8MTv1FJq27D2kehz+WpQGNdXF4Tc4zVuPwmnep5ordj9pfZHGhG96ljBA+prsx4Vj9KgHhsGFpsqsalvmJwAAcf0oVSHchtvoc9FKUArQs7ry33Z6VmXsttHMUtpBMFOC46fh61WkumS2dwSdqk8c4rbnildmUqMpuxDeX32zXJryU5jgBx7qvb8WOPxFUv7WupLm3uWYpHDFveNDtUn5sDHvx9cHOaYkghsyrIGFy3lNkZ4xk4984/Km+UksDZjZgp28MFHByd57ADGSOnTrk18zOTlNy7n1NOChBRXQbdS+bDaXygKytg4GAMHkfTJBx2yR0q7dEBpCOhORVKS6N1p80K4ENuAYlC478nHuT+g+tWbjdIgwOwz+Va03amzOavUT8iHfSb6b5T0eU9YG4u+k30eU9HlNQAb6N9Hkt60eU3vQAb6dvpPKPvS+U1MRlUUYNLg0hhRS7W9qXafakAUUuw+opfLPrQAlOpdnvS7PegBKdmjZ7ml2fWgAzS5o2D3pdooAtwahcW2mXVuk7rDMu1owcKzEgAn3Clq6CIjVfD63P3nWPy5O+GX/EYNcjMSECjpnJFFrfXdmJBbXDxiRcOoPDjvkfSuiFTl0a0OepS5tU9S7FDaQrEL62x5iBlYPgkdPT2NWhHoh6faE+ko/wDixWQbdriXKyRru5G9sVINKuz9wwP/ALlzGT/6FWEtGbx1RozfZkglhtWdoydxLtkk7SPU+3ekis7R7eN/7QmDsoJBRiAf++TVSG2urN9tzEybsFckEH8vrVZLO4J3fZ5zFyA6RMQfxxW09acWZQ0qSRels4gDi+BHoYiP/ZKoSooOPN3enFOMKp1Mq/UYpvneTFNCoVxMACzrllwc/L6GsDYcPuD6Um1f7o/KgusagH0xTfPT1P5V0cyWjZhytj8L3UY+lP8ALHaofNQqTzge1S20qv8AJnkcjPerhJN2ZE4tK6HeU3amlGHUGripWrpujnUvOIPzRoMKB156/wBK6fYJq6Of27T1OerqvBd3aXF6dP1Ethl3QuDzkdVPtjn8Kx73THt5GUjBH61TtZWtdVt35GD/APrpKM6U1d2TJq8tek0t7aep7Pb2elQ4aOFWI6Fju/nVfxHqq22iTLCQrSjy1xxjP/1s1zVtqUgAG41n+JNRY2oGT8qs39K75Yfl9+TulqfOUo1JVVC1rnJPL9s1KSb+EHC45wBwP8a244ozo7WwuFjuZ9soRhjKZKqMnsSfbB29QcjAtAMEHqxwOM5Pareoy58QtbtzEp+z4x/Dt2n+p/Cvn5ycpOT3Z9rCKjFJbILO23w/ZppPsqzh/nlUjB3ooGB3yjD8D060tzZXNxZwusJt7cjzA8vypHGPlTLevBOBkkt0qxcR3oSxnlMk7yZe0kkUhSAFBds9lKk498+xWxki1FJYLdp5EtY/ORZ2URTy5xubPck52k84ApJXdmN7XQyBbS0hGnoGknusP5jArtwMpx2BPY84OSAcAVLIiPWDj7rgkfjzRFp2rpqEU01ndNI0gcvsLbjnJ5HFOkAj1tVHRSR+WQK1ou1RPzM6yvTa8jpbF0lubdJCAhkAJPbPH9a6RNHiivJUZMEBTgjp1H9K4bztgIz2r1rSJo9TstM1B41c3EBjdiM5Yc/+ytXs1azhZ9D5ydBy2djLjsYE/gWrCRQJ0Ra2bi40myBNzcWUGOu91FZdz448MWmcXyysP4YIi364xXM8S3shRwtTuPjT+7ET9FzViOKc9LZvxGK5y6+KljHkWem3Evo0rhB+maxrr4m65cZFtBa2wPQhS5/WodWT6G8cLLuz0OO0uT/yzVfq1V77UNP0tC19qNtAQPu7ssfwryi98Sa9qGRc6pOVP8CvsH5CswpyWcnJ6k9T+JqW31OiOGPQr/4i2sWV062a4fs8nyIP6n9K4/UddvtTAS6uXeJT8kK/Ig/AdT7mssyR9nX/AIDlj+lJ5qdlc/go/maXtIJ6s6IYdpaL7y3HIeOFH0FN1GcizIz1IFVftTI3/HvIR7EH+VQ3l0s0SqAysG5UjGK0liYezaT1aFHDz9om1omaunR2AFob4liZZSIwdoKFMFs44I4IFQ21p/rJFCxSQxFVmUrKoAUkr5efvFc+o5JwOoit4TcWqTZ/d2255TnBC7f5kgD6mrU32aK0aWG2DuI0dirsjR4YkYI/i2kEN6KwIPWvLPTIne2OlXyxQKJEKgzhFTd0yNq8Ac5/CrEQgmjtzDcB5HBLxhSSgHHPYdM9zzUtlbWmoCNIlk8u6JklQrtPAyTxxgnaePyA4rXi02G1TZBEFXv3zTUmlYVle5k/Zfaj7L7VsfZh6Un2b2pDMf7L7Un2X2rY+zD0pPs3tQBj/Zvaj7N7Vrm2B7U37NQBkfZvan/Z/atP7N7Uv2b2pgcNS0U6gBcUUUUgHUUUUALRSUuaAFpabmkoAfxS0zNJvPrQA+YjYgCLnGCxHWqg4bnsea6O8k8KzaOi2q6nbagoUt5gSSInHzAYwcE9+fpWGYkf7syH6nH861fvJW3IXut3EjI2kHd8h/hbBx/9b+tXB9icY+2XanHdkcfqRVaO3nSUOib8dQPmB/LtUvkRJnfCy5OcOh4p+zk1exKmk7XFMcMRDR3LTbhjBiVMf98sc1LGk4dzHdxwbX4R/MBOeRyoxzmqcqRBgYtozwcFv607yVkX/XDevcHAI/xquVuHL2JulLmLzy3oU5vY245AuW/9mrOYvJNhmyM5Pzbqn8t9uPPk/nUDjy8hSWJ6sRislCSd2jRyT2IZX3ufQcCmUpHuCe+KE+9n+6M1Ld3cpaCvwoX05NIjlHDL1ByKWQIMbX3nGSduAP8AP4UIjP8AdGf5ChXvoDtbU3rMCaJXXowz9PWu88CaeZI76cr8oCoCR9Sf6VwOk6s2mW4iFpbXHO4tKm4j/wCtXQwfEXUYIBAkFvFGOixRhQK9hVU6aSaTe541SlNTbSuuhpeJbBEudwA964bWLfyZIZR/eIP+fzrdufFRvSTOCSfSsTVLxLy3IAxg7hnrW2IlTlR3TaMsNCrGr7ysjYs7jeinPUVR8QzZhIz1AX+tN06XMKc9BiqutyZwM9X/AJCitVvh35oqlRtiF5MrWCF2BDbdhyfetS8ns5NVkjsna2uXlYSkwMxlbPKq24lQenAGc8nFY9qThlHXGRWrNbSSa7HcW8AJaHz48cF2ZcD8nIH4V4B7pf1HUXuNPtbCWeC2awTzEcKweD5sFcqDk/MAcZwFGe9JYlDpt8l4LG5U2bTQraMqyTZYAkrjqACdwXcADUdjYWU80MNtPHchxIZHncRIQFETKDnnLlWB4JBHGaq/arG00qzjEd3b5kdxOGUzW8qtgoBwCBwexO4/Sqi9bsTuloR2N1Jb3FqthbQWYnTcdq7yQWwPmfPX2xUD4fXX2DgFiAOn/wCqtTyoJJhqsFxC6BcOsY2qCvIwp+6ScHZ2ySCRyOe+0PHdtKmM9ORmnTajJN9BTTcWu5pyZLYyo9s5NHmXCRCMXEojBzs3MFH4dKqPqUiALAOo5Y8Ef/X/AM+9RiUHljg+4xXTLE3eiOaOHstWWcR7uoJ745NLvjHr/L+dVTNH/eJ/DNNNyvZW/PH8qydZs1VKKLfmqOi8f59qabj0x9Opqkbhj0VfxGf50hlkP8RA9uKl1G+pSgl0LZmlxwGx78f4VA7uW+8i/jn+VQ/MepNGwms27lpWHHafvzs3sFz/ADpUljj4VSfq3+FNETHsacLV36A/lRcLAbhznAUfReajL5x1+pOSatx6VdyfcUGpP7B1I9LZj9DSGGmyRPut7gt5Ug2uV5IB7j3BAP6V0EOkTR6bb37JA9qsX2e6k+0qDInIG1OxGc5OT6DtWND4a1suDFYvntlgBWxb+D9amwZvs9sD1LSZJ/KizYXsP0q/sYbqeR3VMgRxKFwAv9M8D6Ct2K4tpuUlVs+hqG28EuiAld5HUqpAq/D4aMa/LCeO+2q5WxXQzygaPJHp+VaEekui+nbBOKl/s2RFyVbHqBn+VPkYcyMjyR3o+zjsBWv9iB4PH14pDZAZ5P1xRyMOZGP9n9qQ249K2PsQ/v8A6U02Q7OPxFHIwujI8gelO8kegrT+xf7SU77Ef7yfnS5WF0eOUuaSipGOzRmmZozQA/NG6o80ZoAk3UbqjzRk0ATb6buqLNGaAJd1JvqPNJk0AS76acUzJpOaAHg46dfbip0vZo/uzSD6ORVWjFNO2wmr7l3+0rg9ZWP1Ab+dBvSeqxn6xAfyqnRT55LqyeSPYtG4Q/8ALGL8ARTfPj/54r+DEVXoxVe0l3FyLsTebH/zwH/fRo82L/nh/wCPVFRS52PkRMJox/y7qfqxNO+1Dp5QA7AHgVXoo52HIiXzc/xkf8BpfmPSUH6nBqCilzPuPlXYnKTejH6GmeW56lR9WxUYyOhI+nFLlv7x/OlzNjskWI0UDDyY90Of0qGTtyTz1Pem5PqaKAJLd9kgPboa37c3V1pVxb2p/wBISPAUD5niySwB9Rk8ehP4c50q9Z3skLpNG7JLGcqw7f56UhloW1xa6DerdW0sMkLbCkqMpAdoz+XyGrNxFPdaSXZUN65jd/nBI3LtMhx0LIFJz0IJ71pw+ILK9juE1f7WFuVVZRBKSrhRgLgsCF4ztyRmqFxe6XZuW0mBoeMEvgg/hzzz1JP0oAo3AXTrH7OPvvgt2IA6fick+2QPWsoEgk45PrWhJb3F0+9gxyc896cmlTH+E/lQBnZc9Sf5UmwmtuLRJXx8pq3HoB43cfWgRzYiJ7VILdz2NdXFocA+8c/Srcek2sfQA/U4p2GcaljI/RTVmPSJ36Ia7OO2gTACL/WpxEh+7gdhxRYDkYfDk8n8J/Kr9v4VJxuIFdKg6DAb36ZqUBemAB161SSFqY0Phi2QjcSfpW1pWh6d9oSKSJNrHG50zj0p4xzxT0Kf3QDVJpdBWZcm0SCzmYCCMKDwFbIFPge0i4NnC/1BB/SiG+Dp5Nw3skhGSPr7UkgCN1U/QirUo2s0RZ33LP8Aoj4MIVSOdjrjFBkIxmH8Qap7wMcf1p4mZOATj0zRzR7BZl9NQcMCE7YJBwTVhL9S+RlRn+LkVl+aR1VT+HNPE8R42kHuA1JtPoOzNQTWvIUqrOecqSDUiabDKhKsNxGQQOlY42dnx+lTRvIn3Hzzng8n8al+TC3csyRTWpxLtKA8EnOfwNMO2TkQoV9uM0gvZU+8GIPUE5H61FvR26EH2INCl3DlCSGPPR1PsQ1R/Z/7rKT6EYqYCI/xNkU0oN2QzEe4zRcLFd7aQclT/MUvlf7I/KpsEYKbge/GBUuZP8mlzDseBYoxT8U8AVmWQ4oxU2yl8ugCDFJirHlUeXQBX2Uuyp9lL5dAFfy6Xy6sbPajYKAK/l0eXVjZS7RQBW8ujy6s+XR5dAFbyzSeWat+WaPL9qAKnlmjyzVzyvalEQ9KAKXlmjYav+UPSjygaAKGw0bDWh9nHtS/Z19KAM7Bpce1aQtkI98077HGe4p2AzAgNO8rPetMWScZYfzqQWUfTINFgMn7M1H2V/StoWqDtVyPTB5PnOyImcDc3J/DrTSbFdHM/Y5f7ppRZT9lNdD5KBiBjHTpUscQDDpRZiuc2NNu36Qn+VTx6JfkjCKM8jLYrozGEbg+/HNWoikajcec8AD86tQvuDZz8Ph+/lBDPGABk4BOK1LHw/Fakyzs0jr2KgAVpi9eOFoUJCFtwA4AppupZJDIzFnYYLk5J9KtRiiW2x0UcBICwg54Gec1sxRWUdr5rp5YQ7ZH2qwZuyqPX3rN0yGW6vESGLcc7jjjAHc+gFbUNvB5L291cgxu2dqrgDHfJrRcttCHcoXGpW81sIVsokcgZkAwRVMBH9c/WtW4063tstDAsyD+Mtu/l0rPkJ5AVVHbC4xSaXUaIwMZ46daUkDnOBikJO3kDjnFHmR7QSB9DWbSKTY5HA7EjOTxTkKnkE47j1qL5AeCMdqXfyTkYB6YxU2RV2WgUwMEZJxzxS+Yh4HUcjHWoBKRnp6detGU65PPYUmhk4lAzkH6gZFSJIh6Nwe2Kqg5AI3H2Ip4ynzAMB1wDnFIZcEij19cEcVJHeeXkfKVzyCP84qmkmehIHbNP3npnGPwoAv+ZHLgLtBPYtQQU/wqhk9sZ6cmp4pZAMEqfqvSkBN5mOmSR0FOEoyCVAOajBByeM98cUc7uh9OnWgCx5idsGl8w+w/Sq4Oe2PwxUgKnsfXjqaQEySyDGM89MGpBMx6genIquDz15PTjpTvU5JouFix5yc5QHHocVIJI/Rh+OaqgDaOw+nNOx8uOPXjii4WLXyHoWx3zxU2E9W/OqYBHfrU2WoCx4RTxTacKAHCnD8aQGlz70AOxTsD2pny0uVoAdspNgpd9Jv9KAF2UoSjcaMn1oAXaKNopuacDQAoC0YX3pKXjmgA4paBRQAYpfw+lLxS5xQAmPl6UoFHX0/GjP0oAdsHU0ACkBz3p3TvTAcAe1PFMz9acOVGO5pgSDbipI0zz27k8YqIFU68n0pTIT1/LsKBFgOiYIG4+p6UeYXbJJ571X3n3pUclhjincViwMnuPTk4qcxyRIHcYDdOc5qvGV5DEDPGTmpD5UK/e3k9gKYiUSgc/wAxml81D0yDjoKheccfd6dAKaJcqfmAPYY60XHYs78c8/jT9+VByOuMZ5ql5h4pyEmi4WN7SNXk01ZfLVW8zAbIzgDp+eahuNVlmck8A84HasrzMDAPbmkEh6k/TNF2hWNOLUZoiCrspHQg4x/9arH2yOb/AFyBH7vGMA/Vf8MVj+ZlR0p8co6EcUXCxoyB0+ZcOh43qcgf4VH5jfhVVJDE2VZlOOSD1pwkST7+Ax6Ed6LhYs+bjGD/AFqXzfpkdKofMnIIPHOKBKfxH5UrjsaPm4blvxNOEgLZ3qfxrOEpB6AinJKOSFHvgc0rhY0hKNuOoH40uflGCD6cVQEpHTP0pRKTwfxBoHYvB24BA5PDDgUpdgcEA/TrVHzWHzEkjPPep0mH8Q/EUDLSSHtzUqSNt6fmc1Q8xhyG4745xTkuGHO72HNIC9luuO/Ip32pUbDOuPc1SExPfj+dL5iv12/iKANFJoz025689aeZMdRj6cfWs4EbuFHHT2qZLhwoBAI9M9KQFwOhbOATn65qbzE9BnpVESAnge+AaUSAMB8w9xSAviQcdvpTg69SD+dURNlcHHscdKeJAc4IPbrQBeR06AGpsr/tVnCY9/0qXzPY/wDfNAHi2TT81HT6YDs04GmUuaAHg0uaZmloAdmlzTM0tAD80ZFMpaQDs/lS5puaOKYD84oB9+KSk/lQBJv9PwpQf/r+9R9O1OzQA8HNLkf/AKqjyabyfagCXeeg/GgE00EDtSl6YD8kd+fpRmox9afkUASAk561JvKYGQP1NQggfzo3/pTES7vc0gf/AAqPNGfekMm3fWnxv/hUGfegH37UAWRIPWgyD3qvk/lSB89M/UimIs+YOlLvH+e9QfX607IHSgCcP8vJ4p/mdgfb3NVd/v1pMjcOTyKBlkv8w5xzinbz68VXznv0pwf3oAseZShyG61W34xzThIpxzSAteZnHPNBc9z0qt5mMYNP8zOTn8qYFhLgp3zzUm8Hkd+ARxVPeB/Pr1pRKB0x75oAueYR3+lKJsdT71V81eueM8+1O3occ/4UAWfNXjHHp7U5JRjr06mquQOx9DQZQP4SR7dqQF4O3J3c96TzD69PfFVY5g/BDLnoDThIox82c0AXBcAMdrYJ4GTnNKXL4/gY9j0NUw+OhzThKh69TwVzSAs+ZIhwwxj3yKUXHX1+uar+cpBGSccg5puRwex9KALguG9/61KkpGepyfWs/I3Dj6gmnCT0H4ZoAv8A2gjkMeOakS6YcE/rWcJc8Y7/AEzUgkI6cHtmgDRF1nH15Gc1J9pPGQSO9ZYmkHZev0qRJemR+vFAGmLgBTjOByak+1H0/wDHjWYJG/Prk0/ef7hpAebUtJRTAfS0ynUALTqbRmgB1LTKXNADqWo6dmgB1LTc0ZoAd/KlzTM0uaAHZNLmmZozQA/JozTc0ZoAfmkz9abmjNAD949/yp+RUIPSlz/9agCXeB/9alzmos0oemBLz60fjTd9G+gB+SO9AB4waZ5lHmH1oESAdct+VG/0qHeeKdvxQMkJPv8AnRk/5NM30b6AHj/PNL1HWmZozQBLntQCf/r1FmjOKAJs5xmjvnP1qLNLmgCfee5pd+M1Bupc+9AE/O7r160c+v61Dv4pd9AE4JFOQkcjP0z0qvvp2+gCck//AK6UbuOfqKhElL5n+RQBPge/t6ik+UdS3vUQlFL5ooAsIYxTg6HHBPr6iqnmdT+dJ5opAXfMXt+ZPWgSEPkEY7g9KqCUcDsad5o446cUAXvOGMg4+nOKcJAf4hn6VQ8zoOh9j1p4kyRjr0xnigC8HHPzDHfigOAw+ftge1U/N/8Ar47U4S5789OlAF0Sf7Y556U8SD++v61REvbt+lL5g7Y49+aANESDd98Y9DTvNX+8P++jWf5vckAk8ZFP8yP1X86QHG0U+b/j4f8A3jTKYC0ZoooAKdTaX0oAM07NJSetADs0UUUAFLmkooAXNLmm0UAOzRmm0UAOzRmm06gAzRn9KbRQA/PFGaT/ABoFAC5ozSUelADt9Lmm0UAOzRmm0f40APzRk8c00UvpQA7NGabR6UAOzRuptL/jQA7fRmm0v8NAC596dvqP1pfWgCTfRv8AemCimBJu96Xf71HRQBJvpfMNMo9PpQBJvo3g8Uz0ooAkD4zzThJiovSnUAPBU5waTPzfWm+lKfu0AOBx3pRJ70z0o9frSAk3/pThJ6npUP8AgaUfeFAE4kJX37HOKXeR3qJPvGpD9ygBwl6f5NL5mfp2qId/wpw+7+NAEom/H69ak81fQVXFXE+4v0oA/9k=	2026-05-23T22:20:13.086308	true	AVAILABLE
land-rover-defender-110-1779556394163	suv	Land Rover Defender 110	32000000	2024	12,100 km	Diesel	Automatic	2024 Land Rover Discovery 4 SDV6 Vogue (Highest Spec),Changes this year include the availability of a 493-horsepower V8 for both the 110 and the 130, along with new standard features. These include a panoramic moonroof, adaptive cruise control, fog lights, a 10-speaker Meridian audio, and a heated steering wheel that are now standard. The upgrades are nice, but the biggest news is the new V8 engine option. We spent a week with it in X-Dynamic SE trim, to see how it does as a family hauler and adventurer.	data:image/webp;base64,UklGRvQ4AABXRUJQVlA4IOg4AACQEgGdASraATsBPp1InkulpCKlJHL7kLATiWlr1bC+s0cMFPmyamgwWFj+u8Sfv8evTt3/xydcP/3NdJWXoXYb+jfnfLNwV/Nd4Dt1dxv7rxF0VLscX3yyPtNmUkj9Y7w5/ug9SuDtxDbW+xVbq6XICjhUqmipLwzMgGU9mMrq35oa5O7yArjugVm/f1clia+18PG+SbvGu9MGQcoQqoDmXDJlPSW7Ulimteyme39IMKLbIadlH2DXr8kwpIH+42Yy67PYvWDz7cNVjN7dUfAaeqMrW5Jzxw2bXfI3WLwIadKvpAyzMDb/XEwdkCgsKSUEbbmvmWpmc/PmoEnA60V3bbwEBrBM9Bh0h7vd1pRvWq7Wjhi9QxsElXMiESIR9LAvq1NrAxSJWw3OKOnpT5JhfxkOD0pfaZ47oLdSGlI6BTAAnM7n9KA2P9jcuRzcYjfF8H1LhazORqyCr/kxXi58ovvcDnkHDhNDKs845qCDZo7hwagVULbMrq/jJkeutqA/rDIF4zwbmZqedQC2CgbQCcQlD76J/zfwCIDo/bdNwSFcrQZqRqlwyJ3FowXGuSFnuZNmpksphV4JP6lpsQfyzf+2EXvXJMkLMf5LpI2jSMrvhh3qM6CPEUcn8IMZsrtGu+ADqcTWvJyC0sM5XY+rTHR3FXzSC0sieWlTgAUpP6Wfi4o4Mgw50bPiqOYo+Howcj+xbH8a4PYbG+fRkTpJmfj5L9LljNF3NTNVkSkanpNbRJKOk+MSMHmmGuoGJjTNeehnjU3k8Wi1woUE5VMv3szzdEu5qHOgRr1WkRgG52tfKOTabjU3DhBkos8QcT5whBhAO31k/3wGenAnIHMTDbIVOAbYjicVrZkLQC6qy3rWy+Qmt5zll9nM6+G/qDpZroEzlAKVbZ1sLZn2VxkQjKH8w9X1eMJDYK3jOyAj/jS2afczIShU/KE6Ktrg16CGw5TvB3/quhzlszbkyX1B0rJTds3fK2OU3Q67dJ+Q6V8LimYvcBlyKOS1JHvq89rcfhp8SLuY7lxRCtkrxZIfeIILZDli5b6s0ZLlAJZAj9lmvBkMYXKYDy0c7UQYWz4E3/ySBy6f1j9R3Ljad3DLMqV7QQINXLBtLIRn+e5kN58JeypbOumL/7CsClTZZdM6dDkY0YiRvTeixUfCa3Pj0DNmBk1Na8KaTH/UfOmlAl70OKf5QRPxRPUa5TSnrkA/pY69ooJ+/tKTY+r3e4fhD1jMheXDJ0nxXDquM2II8B140Sf7w7Cr4PTPfaQsPEHpzT3ja6PGjwG+ESCkuSBRLM70vAepDLKW6vEKUxBZJYCVi1AFM4/pFdCBqnbLuLLWHRr1/TdLojlYxXfKMNEKl4QuM7j+D6nsg8qmUhG+rLpb8M21YFmmoyPi6d6AIvVt/wOkq1sFwzkCST1IKZDkKxWI0q9Qw1iVyIQZAjzPS8d2l+GarKhOLiad2Y7qnB4VTaDDDJgEkGFJYaL2Yxa78MgTrdBp9KZ4iXVuyzd0UjvVWNIFYBb1wtsC8FRLrz/5kC7BhfxS/nlmpOiriB09pWlfagsokGZcW9s2cUC38cndvIFBmJNcrYirsllQ7jNuQFjyZZucXK63CDElE03+ztIuG9j4ZwByam+0e00hVbrJCMlUlHv29TlTPb+HzEx6ir87UrWvD0SveX/tii/is6hqddOhQKOFykDLLw3LjA7JfffZeKvEaftzOU7pbxNFfTg3nejL3GanAEtGrNvkGzYaBB3fRzlIKTCd3amNoI9wQYnQxaqVP8UJaHjZwSbMsTlnNbQtJSu7ZJBcRluXvwWlULsUoWoXUFl47z+a0ORJQJ2iOhHkO2mWgBZn8kl/yXsgG5K16fzxoI8O7lqWto9/0rZGOvwLZ+c2d9F/qVuYKMkcT2owsI4WVzAOrOJaSJRB+yaCbd9duebjFKj78Mth4YeFoTwvKkgz6B64/XAnFZVDcWOOZBWgdChTWN8tJa8vpHKcT9XY2QBGwdjciZ7SFyzN2kbK2XMY/P/NB7UlkUKmJ7LRuUZfAGmUfiNN3wbmSsPe8xdi6bvGtbfF49ECPErpfLdRvXu1m0eL8m+5BRjl6bT0n16+3J5Wvsqrp7YZRWWuKb1dOonr1m420rzmOvn0ReJbtV0q3D2SfatkNNKX8G8u546vYUtIJ+Sl7ZTVIe+jz3V6i9eenD+xFqIia5jLhJSBYa4nJBhoA8G1aqnzme4rT6ajvLe5mk7LuiLxPqjNcabIg/TZZ9C3Tp/b3d//JEQy+qxOau0l8+rOfcEQekuyW+IvTYhEEdIMns59D6tnAYyUPtEoNStz4W0vFcKl42L50om5opastjBXUWVDYndizHasWPBxmSzc7zEcuiJUdjsTUqG6t11ATaTarVo3v/qgqIohAXLv8B/AbPmL2nsYsFotCifnqbl/9CEDKKYX83du7+aSipIL+owtAloW10AN9Cm60VsQfLSFuCoRIWLUD/UbTXQu1B0rO2HxuYY6E0ZGxAr4c53T6d4Cc/7UiTRfV6nEltotwJKM/ZJfj0A+ReRv368F3fLHiFQcjhcyOS2DjHx3bH6Diksxc04fAYOfXfd0bLhq+wEzkI/90AUDZHjB/YPIhYq6A4mIqYvAwMHOHTsPNlp6cUWEtfNeIwr2btJwflvK14w5+9yq7vdlG2SpN3C/UYEulvILfj3TJr1TeNE3vidy8pdWku3sLWSt/4WkGibRAOkbV25c/PESQ+BTfE8uk2CB6+BhpzIcLrREzs6MFh20uSUSg9KQAgzq+sxabahCc3p3Z3CVzQgRtZldKd5DOWdHg+ZvzUlj556RGurvPhMfDUrkfvyfTkK1/2Gic4aX1qGwrb4eC5BEVXpY8I3OMcybt0nq0a5hKRzlE9Br4FqXr4Oas0sVi4OR720YIyjN7ellN2uZ/uUBwXERZ4AA/sPB07Wrv5/z1LygNC6fYhsrZP4YCb/A1LBEf4GpLQb67d2tB9zMqlQBIh7wJJgdQQCvvaEM7Unxw8xl1awbaLSwuOyAY3Psj9ulk5BXt+lEtz+GAdABPOj37dgf6whXHfypkpgVV8H/hF/R6+woL65fWKspWHFlgjsCMJKQjQVO4JDdjvxyP1FV+qEj6JSJkL1oegAmGrxdwhR7UvucccCN3NjxDHKMo2G6WVTOhkUvlfxMyV6pItnxEYILRFKKW7Ccas4tceRwSx6cbjvZwOdXu84L685WK1ik90sEEiv7yIee8x+jGp9p5cyKpC5sJTflKrp5i29muD3vyXwdz2Uu+nf/LSyDP91mmLFKWWfa/ssEsmVn6txBIVDB34bhT1bagyq+It+2W+8L0/wlUB6HCt36bqMjC4aBIO5L4vp7jknlADQiOmXOrmptID1OuGa6FqjU4Kc3pnS9cnsnB5RW0uRG7bKiZtDt1MvnbI44xyGToXAUP9SoTeHTHEtHkcNgHSZs50G0r+WYbTAimFJoHe/9QPUM+Vt9zdWarYrD+S8RnAJwpBH3foOUSIiqMQp0qwwQBS7NXFoDGB5URbXnJE4DUAqvHIc+ihic5C+GDtsDr32R0t7nHKazRU0K7RaTVxTKCcqESFToi+N/ZHWKxZQpuEwVSa6q5sZAyhk7mgBEkzKDzxvqccPhlzDTVin+y7qupEsp371BMw5IZ3XqebDQl2ctukTAkZF4K/Cc1NTihcAtvFz0LirvHdMi3z3LVb8bTxQ1SG9X76DppMjjDiKgPoG535usb7SCgls5GzU/Sh1d+xJ6IcvHaf2Y8kHm1bdv2S7a161viuVnuVgA7pcJmR//6CKgkS0N8xy9oJSUWEIBY0DC4suZL4T3AfxBi6GbA9BW5eGrXhX5okwPFVHq9rTVRq+JCIj5jeHiZcpzI0rKO9HSu0nsHY+bDp8Go4kGA+XV2wNavJN3Pmr15bv5XBRDxCx37OWb30uzwTvSeHhQMBgAj0j6hWE5r9lMay548CRIr5thcIpucbFndMc7YQ7giTDEwK7v8nrbg5VCYszqjxUvbP4Lr5gMPkVetWMtOj7MyH8NRGhx2wN6YKosyyYka/TgPKXhQ9wZfkbSpZRC4Xe/Tx6F9iKkE9di2Wa+fEm59SZb905lYQXN9F44pGXRS0aHj8TkyHKSCnvKkS/WbmTU6+Rtf/fXxIStGbMLhKQtA2sY04wI2BuvzjuBJ7O1eOGqU9mpwdxPUzl8kytezmvFC4TM7IzIoSf8L3aQZ738LFmYxPEgLfVKg5LefeMFtHk7HaQJ2v3h/XUzDuZPUzsJAd7TcfN10vGOWSlobcibYEU0ySi7osRit8BIJ21QZM0pOO8nL88BTmUhlqEbA/MBE/77FVt+oaQaXbLm+DReFlScmy3lJPTZ57kkKZDidVmKjVym2A8h4Wb75wNlnTI3ja9ZfxIxGVdPtPKsRnwOeKIlIzZmce9qITUpHMR3m3zuhpp2AZx7NGD08JDHMbIx6iiYuBm6gG6AO9CEduEJvNFlBl17xDV+rTjxrOYLjdiF4QNcP/5X/F+pFVfBguHoT3Y5IAxUFOFEhvzdb9Stvsxixh2WBPfG1e0K4jDCKGthHtsWebbUCahlJlQ3EV+WM7pUfurgU2W80cVDH750e2gZkt+HmxVrR1KP/Ar2Oe1YWrbhFyDJ2wh7o0JJ6tU3ex8vVA1TMRBtgmxRwE2dnUsTjfej+mLBNE8ea6zXWejD/8seRfAj7v5GlyRt3gTT83+isOB+5QHnpNi5Y8pz/RYBKXPRbzdGb3zrDHJxVj1qvjzrtgjY3hUi3vCJV6XFOHMu8FnnQ2lat44U3JhS20u8OScwNut06v3ohcu2L4ENQTtihyPB1H0CwAoE6cIjZvypOBLYbH+nrcxtM+/rzOx23YSbxHgVhKg+WB8PWjnp51tBsmYebXMeQZ/vMxUC5AI3SDEHvedPhrAQMfmkRJ/v6V9iI8aU+h9Co7sScOiVQJ7qXlelC/7Z3t+x8kspQCWoELqWkmWeQG+5GG6KxoiqxRkKlOAz4qCTiUD2sBwrtpIsW20kaOWa8pjAZ6/FtUJWYrtsA9DenfDS/nSZiC8tyvhMFMH0V4V1mQ2VtWxzEcKAiFRdzVK+s6fSAAFqQTdyxE4GLDA07tNDPqeu0V4tV8Kp23vIbKQB4CNY88sgH64FwJMm4EGbPiZiXxIv9ioMyeTmq9XuOjsj0P1qgoIrD9jOQo1LNpYORnujmVC2QkbogaC2E6RcC5saX/zdVB0ccWB3dRzkjfmnC31vE8j7wCKHIR+kz1UD+V6JlkiQKDxwYzMwINIZgr/h0YWdgLy7jXNY6BSUpwfalz6mpbdawK9P+np5vqVp49NSXQAUOveMhiV8rykOFrMgSG1pbh7S0ovjjswNPryQOYW/Zt6kwDQlEdobeKI9J2GP6nL1E1MQpmBrM6TkzSpgN7PP/s/FU7Kb4q0leIfBzXNZI1zxBgbsna2GcIh0k2cx0Zd5JlX1wvsPNs2mqNjuXD30M0W9BCsn50mKyqJnxUac5OgISkyF9vdbp7SGQkeP6mnguvyrmQQUj8p1GmwR7W5/q53ILkJZXe6yHCHXl5h9QfVYomCMRB/ZtR6EhT+OjS0vf4Jt8Lw/tFeV7mnKGDo/MV3VLIXEU4e1Bh7h6UGv7Byrgg+tHiQOQ7C/0nq4K07696ZCg5kTNySDrPN6EWIvebXBWXNn2unnkIfajCKW7iEclBU7yrfJGhbpCkIjBWCFnCE8Foz9V1qXI9FqTaM4zIfLDxpLhQirTbldzemwynyNdNHVTSjXnyAMvRSCz3Z2kY0g0pxOm/T3wyALrduAJu6qrMmJjrMMa/nfAhyjU8ssgvRp68O/him7QFu/+GvoS3x4u++zFlTtNTRgPwtfhw48IsISzy9oi+R3NUPn0tJ8yfdFcUhhx+nZaTYE+iIJjBpYS7rf0E+VgBVJrdh3/S0XOzTHKnwjZhFlWnRQ0ig57Hjx0xciu8IW/CVRCBUqmcNc7GQxKK0UTYnlbmZAxkUr/SHPVQwJP/QwaKgoNS/TNlJRp2LW3cItFFwzKqIjTsv/pctjGlbbak5lzgUa0Wn52WurVc2+xnWcAzKvwEzpySLXTc2mMKZpGj020IKvM5tneZ5jar1ESvd7GRirqwKsF46sZEA98B3TG1In9vQ+WCJqCfm1KJcgdjrWzDK8S9Vj5kLRx0dBjfRoXSdFA8eVN6lVZfF2JcwS6/emVu8Z50rQnaF5N0DbLWbQUG7ZqptSCQI5N3oZZ5Qp79CXA1PVyaRQ2Iaa295dBQ19PPnA6XZwm8rDWgtTVRFvOJx12T80f+naIqy2HnfWrhXGD875OaKlogQ5bqgEKLEhyddopCWXywB9kMyFOAeMx4uZKfuVvIG65yC/3LmRccp3klnwpukpRORj2OpNI0JYXcprgB0mV2OmTFoBNGAfVni6aGn+sRsTylEaQjgLFOgl/t8wPMhnRU6jT5UmYuAHy6tOcGEeIZEMmbwl9zr7W05WhbSJv6V6LtmLYakVOxl+HOxB95ACB4vROeAodwOELeU+guiHmBqJtsmDGCBW/HPEWsaALRBhiA8uLQXovRyh8vWbw6FVjEfoD80/aTTur9J0KuacaprOhgq1tZJIhwe2uVrk7w9EtX9cHTGkjpEj5Tv3KsPUyAhpe4mKfK5GiBjlsitTuKQmKbfuKL/6nAMkTD1wsbOVfjZojEO8TeyceYInWz4rS0uGHkerq0EXYxsLP5DEftfx5uOMxODZHkPhsUdCdtHn/AtGHyZYFAi1+OA3DJ78uVrrvouH38l0gnn19V/lT+X4wQvKxsoejM+GaBmEkcqgBGTtTpvua7aAHxqUasMY4w4YRW8mlcUeYCP6yZh1cWqblctcn/icdU6OiSDj0M7m0oU3dACK6mRsqlSaSiQleeXTkUrZAhwNkjTKciAkMZ1a30+e4B//iWrBF4Ftgkdl9O5/jBkdheWgGaEI8LLPR9EuYy9ZqUgc9eDDjeBSDv65qwbvBFd+52g2VdWKMWIe+VVdudjwsig5f+tHz+XIQKvp9BZcrIv9KhF/4bJLRDUJE6TpKdXOXpIlNfKJsr9IvsZlzDKNukg2rMHHBMfJN8cdWWGWlWBrFo35g7C5stSyEdXl1+JOElqczmKlHhGRRu1KZrtyRt3D1P9rQZlb7fFrUgGUnkf7vgZeO5B/zUL0bwkAHt50repHpJiO9NBZParOpWpP19gsflO/xpTl3w07Rpyp5CY+lvQNrN4Z8iDupM30SCKkosEzbJqRbQ/LVyl8A3+lD3p/ka4KOsFUOEvp6WKfGGgGL/bm/XHn52cXo1OJSFbvZZDR7tbGkOQSNAMDMm8pc4DePAtJRrMrYdFn8IOoptUUOaBtCZac3VDDHZQdenKP4eEgMWoqIEN7b9A1yqDptQNIN421OYi/UrjR47hCHd8RrRDQrCDPODkJwPgW72Ol5xgf1kP+Iyf7+Vs2IatVL1WT8MM7jJIS31K22BoYXv0rNkofy34qmtLw0aspWWoWnf9cl85gPxF2VVnZqddQcILpghQwxGxqi/+enTvKHMOSiXjoIqXIZttmn7NbqM9sDHAii885X6YUP7F8ChWxIa6y5/0EZ6lm2r742NMVSHkDgrP76vWMwW2R6K4LgSp1s2MLoMVECRe0j5keWL7zaEKRRuW1HR+C1QS0KwInREDUAqINO5oa0JoRnCNX2Vd4dmECFIYSaz6d7o5J5Vhso32Mu0X/0y/glv5XzFJOEAunxTN1ajjDs6w4SNDqLl4uzYxfAeztQGDrY0QzMbsJ09RYQD6pXg20zW0JCJoc1YtnxJ4OTnVbd7nQ9fCmW1mE++/pDHWpZ47Dgx9N/YZ4hQA5yysqXoKPfqVYv5fgF9dK+TrgJjj3hdv47sx0fpsCgA5O6fdTI/pDBxekl15croI9uYOaJwwZcdoFMS11m/gyWqJNsNut+iN+t1rFhqLKLLcDsV+fBr/Qsd2Xp1EG/z9uOm0ulEOuCsfuVHqDjNeEQhJdzs6iZtfXowhuWuNzD/wnaHpwDcQmhfLH+W4jUkTPmgo385KJmRWF/HMToiomNY7cUr5HTnr8yshA574ztqSflnB4uItp8qCRU8jcmlzzG/k15Is55ya4WtY/5omi5TLggfbrzfdjFzTFHTq8GDvO1TEEaWO1Z3JF0WcCq1BtFIHhoUsFKC0HrCgQGfJoHvvfEZBwGQYR/oXTWH3nQe+1z+T0pbVNb1fwY2k4Mq9ZGIEZPvnhD8D21LohcsujeCCHLDQmZZqqhXkjny8e+nJl1lHHRC6ZU+N+13+hIFVe9DigRhZHIm6UnH6e075BjHKhV/jSHz3ZDcqtr+9nwTsgYx5BhxfRHVl5vXpA1av4D5nPhwijfRf26sHb322K9LEk0aUXVyWxUhiS6RFWy7tyIZhUHBDKG2HqjkDsnTJPfIQL9qQo/xwNwtKhkeZfhxO8GQVQS/3z6D6SpcUKJu7BjaeGkAKjArdGWGHYeka1wcWT0xe+Fuz6AnTf2OKRGbRkZwryJOHxWoVfExmWfXGzG6PoLGxJrP1PDLLlt0FiQq513el+t6g473Lhxed2A/KvlnF3czgDRPeqOJtEpbZLWiW2PFwsKjj/GuaTeJKLxxiMVvYwpzG5iyQzEYjuMAWhI1ZVT5aWhjMftf8Rq0DcjY/JPjJlAaiRI7NFK4wwuyz5sB4t9FDt9vVj3zBdga0a8tKdHlHKXLxgDQOszdQ7bXZ83Cd2DSR0LK5hyCjwqUpNVA6c75437sfE+E4broozYQ7kVmfmbjfSAHwxjBM/BSIPqIa0iL1BubwOuphDk981arLcL52ZJpJKRrQUAsZ6FUnhmY88dITlFYZcpnNYDuHmSsjdUjqq0qNKNpoxdvZNE/Lm79M2LTWvk/lV6WstEK74veLUKsdn4RAl00cOV/mnX3rE+w5JxBBQAEZej7YihZQVGivTqeYEruhXqCWOE/niIp05SM2E1DboLKpoR9Y0npOPa0oOdY1YddydIrO57RsGgrwbkw/fMoSYmo9nlPNqlvMtPiK/HzX7sXH/kIiYFtbpWmJpPt4bSURRjpPZMB6bCcikGGOzhxeyqRqc/AW3xKOyGG5WdTmKeGhy0a/coK/LZ/AT0wOHNgWpuALMOB+DkI52SO6gv+2dhDfmKREZ/4jMb9oJkB7qI5q4P7oc79/uFNVR/qKmxZto0VBdrtgmvOhjrOaIKnHkb23RkJkoasaJijwZ+/xdwtBWU7l2dSdyAVJz4rgDSeba5SV+yzY0gxlnyv2gx+VPgarYUUXy/CKwaQ6y0O2UqMglb8GP6IFfHpT87XFFZI74nNKocLx+6CbBsVwJOEtnkJzTfWuM3iHipFUWj36UtznjXQfezLqc5TYs2ptx48w3xaFCz8Fpvq+WZySLFNiOJvytBx/JbE4FkySUNBk5WlakqzmcJLcN33Q2L4bDcCbVinuX/UZZzTxxufvTgaLyVdhdeEZHA9E4U83m3j7M63T6VG4+gwOm7l7f3fJtTEtvk1usNsLKx9gWDbR7QE/yYTMPCYB06FFtiOrEzQQE+sClj9gFo9VyHSWyV35yjBvXppQaxtJMUf8PU7tJ7CJd9I00rU/8kRi9Y1MOJea2V2pQY9ZwVTsJ2G16hr8j8e518L2Qa08Yuou/macOOqZU9AV2m+WzktpMdZKYjclcXyo+nOtO6ok3LBye4xFhf7Jyt7z980Y6l58p5FVVu+1HgKJQYa3Jed9UyqmEvyyUwOsdrZus+JHxT1gxuaZ78vWbfi5RhUrvWdque7pMsxZ//Jf2OgZbzo8VpePpQbaDl1FzZWtZSl7MLovMao8AcKzgueeFchZPO/y1SxjN2+umASujjglEBuV9wd+QU17vUJY59IIxRB5Asiyy/fQrPCstEsmlpY1kfm5P4Npsrk/BqCzv62Q/rPSX0qda6korRdPZHf+RmRQUrxEyCFle11Hy6CRjK02Z5UTCmsklwAFqiTjNnaDw1q36SHbq0cTiHju6W4XiE44kY4/oy8pw4HBBxBa+DowWgxFy4npweC2AIv2oqibvbX4wKKrVgwyseuOtEfMf0LYfA4jTtgiLlthbOFftHdm1jERFKKJK2ZwhwFw2u0OOQE4hH/C2QCFK6BCRC12k1b6y3f6Z06UXdszBfshYdqDpg+li0CyXa/DoIJK8hJxs1y0q9wYrhjNCkJa3ul5MdANVjaecqfZbGKccqHBM/q/u8FY7lfq3cAoxIo8xHEn0ZPNafNZkP8AB8NBQBAElr/z+ixhQdi3U6cf/XjmEJrYZyDJJuko3qUB10mVMv4wmcb8M2nin18ynQ5oc6MUO6Xct0FrF9IsD2WlyAylGoGBf7DG3hEqufc8fArsILIkS/MrhJAy9t2nBzarrIAGycsw5LtbIyITnLPAmVJq/4aOK1pdUHlQtW6zkUjkZtF++coc3uDCzTRX2rSP+4T+gFHD16+rWJFjGHyX7aVSYJU/oXPIQql/yicM/SequuMjcHXNc0MCO/dKOhb9T99Y9JTFsgM69syA4kVjGArKGAAYNeJdTfowlztzFJn1QP77z38H40Aip/jKucC0v1soaODErV1v/ghJ9iBKBs10hHYKxhGsoSO3ZRRJHFb8jQLAFWSEikNjiCsyU/AmyDv/1fUAGNDk5/WUs2OK4iCDA4f6+WNeaOIUpq3Z0MIDbPwmPavt9G30FFrI3s7+cYBNObk6VCdOV48YslDBsNPyPZokDYZ3yfaXuYQ/ZGh/Lpwq2E9jRswTmwTcR9CnquRfNRtLyvii2C5Zmv1BHiAMZu3//dQ5wqcYcEuJJ3jTT+Htod4I9intpgNUGEErKrZfsxLjS7cfko1sdf0hO29SP093ewaCHTg3D/6v9nvgCdG5fFEg4TgZSZ4jE48Bi/T2i/6ro1W/pSoRgfkf5yONpowza+6FIM0gFVOR7X1I9W3gxWwRoYnfNM48DjZZPLUvwTmmy1E/oG3W31Sd1QwFXouenyr1Nhlel8lG2yiWTMyEowGS8tNFhgaYbK1klPoNn06bkZ54nLSbME18v8d+J2ft8Esp+CSBx/KeMXFhk6qkIx8WOexH/w+7kU9wsxQRN5d+vmcTp80omzuezlPKn5p4ebHVts5SvXxKj9Hwp791uxEjjkkkBwjnIZsOMLG1I7Glr6kpWpQ1OmciaGHFSWGUYaF/iqKH93B7te9tl6J6l0LFnty2oRtbpB/ccLLSSZKozleEohdBoMjfiuwbDb+YtLUvD2gPvTKJ9cmB3ec5PN3Fjm9MROn1rwpwAvGX3ur8nfI8+IBvDMzC9QXcsvl+A1k/UVO1m/0sXMg9NYl3p/GCPq0ooyGTt6dRT9QxbBsyT4QkC86PCVqI91z2O4iYOAkOKpxMFO+v70yll4+YlVW7CpV76/JMSNIQ975Ulky3LJ61ywuqETtUX6Ij05oYk/SVLd95DNPN/Zs41B7BBzOM5/zmmtzzXjI7wISnmfhBQLaifULdkOulXXkIr2oUkl/9Ur8508g7lDSyJphFR2U55tnuYa3z7IAiEY9a4yBLm3+Lyy6eA0PF6woJTw7x+9xRLJAhyY/Q8JEGpK5rA7NDHVcp8Gxj0jXzUNJWh+dKe3M+oa3cezCj4wT1k17P0+dlH9Jq9ZcSyD8ZX9jaFR/AM+53fuMHyMH0bt7HiJGQ8uFpDQNOM6HcxfEM1rRhmPguk9ZJCJyFzKirWFRQAx/cyqluXZSIU34mttegOf09Bng4A0e+gt1DFdgrYplCesE97oflcYtdIG1cxiwY4NfpN0i2PjAt8wlSwYm9Dl7GE1GjQTZUamBEYliUkzXMJxFu8KZCGZjk2M7BwFKqCxSd48WTyly34efpRG9PrlDzLjtt+hX7x8H7uG1OqjDofqkL+rJ8IFdyiNR68Le0O63OEt1t0/4/sfdHQyBuUul+2X+MH5H2PdvwO4Va6BAaKbHU6kaiGxKKiM2uQ5IKUIkqKiPstXq5LxjwtxPGoyZKBax3mi1/ZEPa8Ae2nRWYAyf3EOWr/3kkzEH8H6lg72u/klzZHTgBUEgTAJYMWzCk2B7I3dklBWk5Xyvz3Sxu6fRNDZi9kDF7QpuIGZDAxuCJJ8GdDgJDqQw3iPyGnTIXlRCHniP5KnyJKBrWxJzjOU8mzfTWRWMuaFh5O32bg698FIEi0FLJTBM9Rsgnhjesw7U6v8QLoD/+CqiUfy4FjBBrbwKvPBkpB9kmDYZF7V1YaI2uBSSv9kI8ob2qQQiaTzQt5Jy+Un7mRWnWApSoKyKJTEUSjbu5AOqczxxrfiDoqV3RmtzwMxDME0BfpCJ0UglXP0K5Jo4PI9HKdkyJH8aM/+BNer/qXU/TBEUghazkMb71PqSp3sblcGMjX3cOSzgRqq0V1ImXkI63IdVo/sihSnp4sEeJnYWuaeHf+n44RdWxQsRh2Ebyg+AjTUKPFqFVMOOeM0b0KmpO2b+8VR+BDxwqWTVvQL+5IFQHAGgtiiMQsmjiNjTJnEpf7py/12ktUcAZXkpxa2KHFrSYL4mD3+b5j7MbJAGnQBRpOWETplbhpVzk7YBnR2iKC23nFsOO5DmeAfbPtOmc5O1nSzQfR5yLpf41nlcKl51H6DyNu61E2fKVOpQYRt0NLrTdAaRqHoLr+3yPJx3XvLRr8nBNpXkU/Rj8cMdtquVLk0Gdv0gbKKrUG8chYoov5bhrqbpx/FvPvX6YeUrEVGb1FtFLuFfMjZmLFQE7qzxJa/R3c8Bktc9VgIUKhNjZOIbj8yvJ200b7eZIVIVvJFRe/rHIi+ePPNAR+Rvtu/2T4xZ+CsmLbltWNGPbG6czjm2EIdXZ3d8/tWIBDwrWUcIqDSZKbnon8R5v8ieFhkYP+LUh+6MPNgCmBQxN1TsOhH1982nwY+r17bwrci9LpbxuXXXnfal0bhapMNgCi4S+rU6My6QggUJMEtNQCR1BQ81m/m8tMcJX60f66EswdV6Chf0W8z1zwdisJiTZDeN7ov17tBhsutC4IUdnoXbK3nuJXPiP1RPG2HZnIskuy01++oA16N9/kG+9QP3DDCNQmpqnGLGP6BJUYISksnmtl+9YgvwcPdpA8G2Tg8RWtncYuoxU554+6osEVjqJB61gXa+ePXlThfXdssjoiecGp1QT6icVhj07y/5oJ5hyGjRihZWw4bOyuonnk5/C956gIfH46/oLthvv5WOMh7s1x6AcrIud/bkfZNJT/C1BYTGFpLBN4CgUyoii9afuWZj1nPSBrPtwbicESorHdcjeuwCVdHz+Bl8NniutSCSDlwvz9AB9+G2ymW11Xhe7irvdmQ5d9pDrFgG1IU4HI6Lm9LSwn/sXcYWqagEB/zAmMx+Jp0Meia30Ywze2J7bzYed5Db/+lYsblaQZY921m2ufQ28QyYaPtPxGFHuoFA10V48grJtxPR86oT1xg3TLTxCqjNSiMa01H5/4iIiacZdoLn2FwCXukE0snkY/9Ppa/J3J7I+JksadK5ynU4BJMfLtSh9x/dR3zz9ossmHACR67ltRJv7nmj6XqC9KcU7eQIRdtcsyXCv9WKHE7kRyGPtuY+mHCfnZd2jkUYSbhI6pFuJqZ6967bfJkOEASJIpVQLoMFNywOL7NtMaIlSn7OI92g6tmgUFitmdvlFrhATK05YPcHxwrYt1CVhTGwhf9oLN1fQxTMJpzjmJXWLU3ivF2zcFQnt01n4/LFtnUpJYrSR3x2u7TRqKkpub8T8TvghR84M99aoFG9b4AQ6FzZ9/XUKfkOyL8LdY4+FK2ZS2LhlSc23EJLaL9V+QahH4O0NGefCAp4aiEMiFT7XNMXv8KNyL0UYkSp4t6/ArXaR9TAtPLcUc07rgxfJguoYLd6yb7ypTMjeW1qLYdDPGGegb6o+9SedOWyGdOSyvDZZtmK9LgX+1kPhv1BoMeWy7yHm/eTJYL1g93VxYCmu+eUxr19DxagvoIvq5QPkX+gdCky+e2TJkGDaldgq+Y+QW7WX+C+SsakRqOfDGrwFNgvTZWHU9amq8iE3/wc4rAtJ79pHkvjPl/rrvjQC5rpL0MuUlQXcAjes11KVsQs51lJG8d2y8Vup5O0bBOXLTmc3WPj0sLbh2Jethk2fMgNJ6MvYK4nPmsmlckrvSlRztmII69pqqh9RQBGRo0bczP9T4sRIDJcCB3uwk7BbUBXqdEazCZ/Jka2aD3J60IFavmQ7maUS6rDvj5iAfl9GEjIj7wfq8DChG/Ml2k8TtnFTL010dSKYIH1intZtnI4Mdt0fkh4DOhXtICouUt7staZ9y2bcn3/Wu+gBKXzGBAMsCNAkPqArmrCkJcq9a5IvXEqhE4cD+i2di2GY5v0uHJJ7EKnicZSDYz9HCP18kbqQ7oUuZCLw98A4c4UJzjwVDJM7ZglYEbHdmKVQmfcB0nhQ71TySv+2hkh2o0qNxuP551tkJD35fhdfRX9U2jN/3Iae98DEMn9fAg2YCrVmuCny/3HNA1F2PIaw1RFFOT0g2z29oUzKazEY+XsXt98xzLvm+HknYmxrrXU7UqYaWJmCs/dwqsHG887hasLRXXDSCjiONdKfAdZDYeSRktoeJk0+hugBrin08xPmZMjIirxw9z9oI7MqJlNtvhFcto0IncpIJBN3mbMTcR2iot2l6HTPDH8odx87Fqcyl8bbmRPqPL5tUpVfcVfmOGaEE5TbUgGEUD8xr87EDopcDCpaFPwK6ClaUi0QQBKid1pmJmlYMTjtWTu3rtP9Fd42JVsQqjmvhDvbDqHGf9iI0aziSFdrvvy07b9UCZuMXEVcFbxiSK+o2Paa/8r119zVuLJQHa2md28cKyHLlg3hHc4XXazLZOqlM2F2KwHkZoWY0iW1XdjIzoSEFWXtCb5M/CRA+Gpc5g3nX+T2NVb3XzCUyV6mot5wqCWWpDlbCJz27KgWVIRNDer3IjWdNBYfbtNZR0y3kvFN+JH/G1Bw5JsWspbs0NnqaSUxzjiB+TV/z+ofvOJy8QkAMfQ/gPqE8NNA8MiSGxKujo84R9BbzcvFoqMypLaOhhAaQCWdJA5SnLV+Ksj11se1GtwoP7KDsImWA3fHXKorwzfkhmWbZ4L8J0G67HOVZPtksOFz5AQtUy0GDScdHkUAlmPII04lPNX4z0Z9kdCmpQJqRX3hWABiOhememPm8FzcI95T1Z3Slxpm9xWH0fPHthAGFYk6sdCKiXRQkmN7UOWQkZASD4ERtK0oUqmuh6G0udDD9RcoSY31JkD/ksZDalFfmH1jsyej38dCnvYdl0ZpB92+F9L2c7eCZjX4lshXvMYO4gbJSWW/Ld6h2DnbTkWIrm06wYIp3RTaT+DFkk3BRBkCzBCwx81h58wFw6HoavSxFbLYCKr80Ag/PtRPgbJDAiC3IZ31jj9J6l2nr1whSBaPp/Oowt8l+n7cZHjJ3UMxrQtejS6QCSYBjgcZM8wK1w4zxYAqWzJHlEzuh2TZICh5IIOhfSHxdwRu1982UFoObnA8WunE4bo47TKY6LvbV0Fi9EpzpRVkIuiGferByYPkc7p4tnFyCyHFxFrBm2fIRfezLJTjhzpoCnG+Pn+sgxciMOgon/R905ZPAtwrrlUEZ3VmYvACV1XYYylgthzus9ug0Z5kzLBu9jla4HGss5a3hj6Dos71wamsq/VrvJV2KCIB45an9ly7Gi7tb+W44k9JFNjmPkOKesbELofjJl5f148Pc+lkNxcWY77dCDxzAvmJGZUM3XvR7dJ6EUh5clRjDdFLiWndcgyrQPGS862wf5Rm6qo6JPpBAr1YvIRuGn7HU8ug/pC6R4StuLzzw2rERt2usGKdJmMOK/FX5C3hTQCfZ/20+/A6of8TjFcqxSjd2Ct4j0dYlfZyCxuH/u/bn242L4IHcQTZYrTorCkvKUfLAZqezpYVhVlYYbT1zQJ4dyFnTnLLXpvQACSHH5pZ6+6L3QFJFsslyijKGAESwj4rsPC0aIV78NF1bRxhunBcL4aVPioCaI8rncpZQ9MF1keQ4QraHty3gCW/xmAsimmwMv5XXETX8yWC+Vq+o1N96e08i/p6+mUFQRzNaCEiWjxArC+O9uvc2mu7HR85iH4ZQnw20hum2A4zySgAd2cyp+AwAAAMsstVCUGDgpilm9b/7nrLz5/VwGfm53lMQEcMz14Gdbd+B/eBO6LWPS24JqUweXL8ANMov9CUqeyBrvhphAjiMHPx7YrAYSdJ9n1OjGjS8Ng4SPfG12oU9RzKemonk67kvI5YfIfRgUUNglBAEDsFu5rEK+DXIM98ZE7Gm4L8QEU4IBjhsAbcv5n9/qrhdQDxM3H/XZVEI+BvziImH2DXfbj9u1Iec5e+bZxdM6Hm1O8mBNQNB+3nTkzvPHMdYiid6VGE13dRmZD7bsLagx3yQKEdJHafFIIm5nWVuywnHqYWSxHkWd5EGSmnEeDjlFcfpxMRSqsqwiyr/N60UzeysgLNHpgRm4IPHYi0VgDIasj5ZM3bypo8MY7epGg1vw/DpVmO3CmrZOI+SjbNsd66qNd8PbKH5KoTykfe/ost03f6Nmg9gWjzTntMQzAQmJ813hSwBuE3KDDb2eyluNEcknSv5FJiqDSPRp4kd8h1DPus7cZHFl8qyI52CDHVkX6FloEvLoNZDCgR6UsWNpSdlLB6X2YValGWZ5v1ldZ1qPWR4zLRxWbMReMjdw0aXfCz/BYV+zM2DagktaH089NbrWpzN8faBgPurDSf/UtEiXR/ndq7smuZs8gD0bD5L4rx6zs8A3hHX6V+lmvBOb5EQhg0bRxoxffZC7OUdF+J/t/WteW7X1R3PBnWxupaxd5kwIJI85WqwaNz9a8E0+XEHe/TJHcQNHNjnYPm8KzB6IItMfH+WRDAynlw4k5kYBj6c78NFvpzdKa9t1K5h2ETRki5BsdNsiZ+AgIxLjd1GfRwfoPPt2b8VCg9Gk2XYyo/jUHZoTtqSoy9Sw5Uwa+izu4R4fGh42xVDpTWmfGn3CPgsMqR8g+CLx1dHj/BoQSaucUL3/pbAMMNaPC7m4rJVYKM7UhCIQ01UyWxe2hOQO+IBuYWLmNcyPj6C3JsaW/2mLX1eQAMoVeNM0+4ThqZcZnzPouKbiTsrp/E+jRnUqZ85Id2y5z08vprdxgkklZ9tzE5HYEO5l6J2RRfwaa6UITVnNrWoH9vxazf+4p2fkZiy/TRorTqpfbK6ZThybYrZyJwDVJ/UO8jbQpPvpK2BPjgcW+YjAYYX/WS9BAknT8jHYsCvIL7L9e0IpdsdDudZiA4fprHKO5bmrAyaeNouxp1vOO/qQw3yi6j6NBEyaVU9hwtuEvI0tEglocdZFY0oGi1GnMhqm153Ns0gOk1YAYzfgPCevW+VhKVqrh4mJPk+gf8p59fuOEzjtY88TITxZ1FBGGljlIjIpUjv4uCOY+XsFVmQp5EuLsv2DYxO24FtIk1mCJenix986zSEUi4TDqYek+hH3uYZyaFwRShkgZFWsFp+DmogrbMH6DxaqycgFfLryQwVdsWjksmovZZZQbXJPmLv7X569NoCS0ZaUnKA8wwKiXobbBVJxDMApLlWxQZ2fo7uxSlmq9pDwxoNHd+NJvBGOUnz56xI55GdkiWhEGYD6BMdN+GI5ad3Y0nMz2Dh/a3T1+Od7fBA/L0ahTVxba6Qn0x0RVf9S7x+jzqFyx/I6dClCQooF9WH/EqE3z5lDffXjkaKjN45DsmmrrePib1eJOLqCK62GL9LFBLbB0zy/Wzl1wU22+yCBjtwiLtPkie5uITZ2Q+pOubmSfC9fdwuIQBMyiY0Wa0Si3u0yA1mJOxG4bjiOZKXGqWfpZTozjevAy5OvqmLFEDTLU/dTAV80GjKYbZktctRv7ZT96r+0DxQc8K8Qm5FkuWN7OJ0F4dvBg9sTe4VpohjYhUIos5pE/OgAmio+lBGKDZSu3H/2hjmW0/aUwtel8vhF2tbcCROFgFNENp6KzDg8+zZyywNzxL8myCjYnCF4p3WyY83YTqHdz7uXlvRSvPLPzqPtkMv6+WULVOGmqQJj14HPPuxAdQa8jO+/tOBzUktJZ18GAHe8oUB6Fdwl8OfG1K8FMix81uIuLQ+1zdvBDtVPnyYCxdQNJ16Y4PqtOKuwbRdH00+vaI8tH+gWVEPvYoSnqdExl+/s9uniPplQUE0l7r7iIzcSw06s5uxSzlE5+3W3KP8qNekz853XkBHmNCUhd2/ZMbsH+VYpinIS4GUpjPw7ZIJQGTdaRPXNyrVD9VT2jaftFSnBMmCZTPqpaSrlLecka3nNjVeNqHrbw+bVM8w6HAXcLoZHhukKibtGxccA36O23g56XzRUlD+UafnsHfWzsy+Q7bCK3nLoWtgdzLG7zbOlAJZjThouxOQRAtiFEc2/Yx/LkvFXVsWf+KlSnsNyBA9C9qBShWqRhgojgx970OXIMBsGsAmHO320w0d2Bi/1ouLQE9f4TsH+uK3zAbpAttL2FjHiSdwbeFwtjDwx4zg1wtvtpKB5Q+X1t4d1xl05InBTKm1SeG/9GvkIHSNj02PXGJTch6RC8Mmpn9YJCImAqc2KPisbbI4bn4cZCVyQSs5C+UFwj26bEpaQR78goFarqVegFlBHJPKXlTY6iFkOfPYl2whi1NbHkGZ28aDNjv38zuUVgxdAzZTmS6KnaGAnAXeDggH5LE3I6PH9TthgFNVKidqTI6cjLaRWyD80DEwGkefyb0HNunSyOBanjj1Nrq4riiLDeZ1bavmO1DFXg6IssfeUyMM4qdXHXx0WIvQVvi8xBdZhdAbAa6/n/iq4syIivQTs/2IvbV0OmCZXNjM5WXmyFRBHMzzl4eZEaOHtTx5kt1nRw9V6Skwyf9Y2nUUs3gD1niFt4kYSXnoaLR4qg4+tpd020Ur8CDXonIS9A3ufsyK2pDbEYRTaeklynd71I/6MW9UatCCC2g4RFpex0rxfS2tx9O0ekbp/HTSKz6Rk26ecLRTZPb9enlnPO3qpjF+f9hfKxK9oGhHCBicpTUEkHTH4m2lnUeQ2ERzIQuR+aoOobw2/l+2rXkn1cZ6cj8L4MtHaGwx08IAXHVACs5FpgB60wr2Klc8KTkCeDxpt2vVKI/up5sp/jiEhQlQxDIBeU/5BgYqq4AbsiQrFeamBXWfnnHVE8w/Yquy9CDujnAJTEsiooTscoLZ8ZthD9NqhgJRgOGivm2Gm+mJ6OjWW1HxORfiUoojbuH2ALF/qUZGhWaEpAR2DZe/E70Kk1vFixF8gYZDd7Ip9q51V1LKpHTg7MsSxSN2BVfykvjUh5ZW2hoaP1t1QhW+kon/XKruDEiy1ALNpwGNcXdi5oX7NXsAtwSE6X4pan/OmI/PPpH4CAKudJPDkJ3G+NUuKxsgJkB6FCgAAAA=	2026-05-23T22:43:14.1637766	true	AVAILABLE
